DISTRITO,BARRIO,DIRECCION,MODELO,X_ETRS89,Y_ETRS89,LONGITUD,LATITUD,id_OSM,lat_OSM,lon_OSM,coord_OSM,name_OSM,score_OSM,coord
VILLAVERDE,SAN ANDRÉS,,MU-11A,440349.4665,4466322.472,-3.702361583709717,40.34532165527344,node/3621303479,40.3457465,-3.7025001,"(40.345746499999997, -3.7025001)",,48.690965554925164,"(40.345746499999997, -3.7025001)"
VILLAVERDE,SAN ANDRÉS,,MU-11A,440332.4666,4466328.473,-3.7025623321533203,40.345375061035156,node/3621303479,40.3457465,-3.7025001,"(40.345746499999997, -3.7025001)",,41.649228482791365,"(40.345746499999997, -3.7025001)"
VILLAVERDE,SAN ANDRÉS,,MU-11A,440340.467,4466355.472,-3.7024707794189453,40.345619201660156,node/3621303479,40.3457465,-3.7025001,"(40.345746499999997, -3.7025001)",,14.375426428949643,"(40.345746499999997, -3.7025001)"
VILLAVERDE,SAN ANDRÉS,"CALLE CHIQUITA,4",50_LTS_EX,440322.7159,4466357.943,-3.7026801109313965,40.345638275146484,node/3621303479,40.3457465,-3.7025001,"(40.345746499999997, -3.7025001)",,19.436065102842345,"(40.345746499999997, -3.7025001)"
VILLAVERDE,SAN ANDRÉS,,MU-11A,440335.4671,4466372.473,-3.702531099319458,40.34577178955078,node/3621303479,40.3457465,-3.7025001,"(40.345746499999997, -3.7025001)",,3.8493890069707857,"(40.345746499999997, -3.7025001)"
VILLAVERDE,SAN ANDRÉS,,MU-11A,440344.4672,4466383.473,-3.7024261951446533,40.34587097167969,node/3621303479,40.3457465,-3.7025001,"(40.345746499999997, -3.7025001)",,15.196083898037287,"(40.345746499999997, -3.7025001)"
VILLAVERDE,SAN ANDRÉS,"CALLE DE SAN JENARO,26",50_LTS,440356.0495,4466384.32,-3.7022900581359863,40.34587860107422,node/3621303479,40.3457465,-3.7025001,"(40.345746499999997, -3.7025001)",,23.08513004298099,"(40.345746499999997, -3.7025001)"
VILLAVERDE,SAN ANDRÉS,"CALLE DE SAN JENARO,26",50_LTS,440371.3454,4466385.309,-3.7021098136901855,40.345890045166016,node/3621303479,40.3457465,-3.7025001,"(40.345746499999997, -3.7025001)",,36.73598123457497,"(40.345746499999997, -3.7025001)"
VILLAVERDE,SAN ANDRÉS,"CALLE DE TAIVILLA,4",50_LTS,440297.4753,4466388.115,-3.702979803085327,40.345909118652344,node/3621303479,40.3457465,-3.7025001,"(40.345746499999997, -3.7025001)",,44.50615765945699,"(40.345746499999997, -3.7025001)"
VILLAVERDE,SAN ANDRÉS,,MU-11A,440336.4674,4466394.473,-3.702521562576294,40.345970153808594,node/3621303479,40.3457465,-3.7025001,"(40.345746499999997, -3.7025001)",,24.94262125238568,"(40.345746499999997, -3.7025001)"
VILLAVERDE,SAN ANDRÉS,"CALLE DE TAIVILLA,2",50_LTS,440301.8099,4466399.181,-3.702929973602295,40.34600830078125,node/3621303479,40.3457465,-3.7025001,"(40.345746499999997, -3.7025001)",,46.646111269092174,"(40.345746499999997, -3.7025001)"
VILLAVERDE,SAN ANDRÉS,,MU-11A,440325.4675,4466402.473,-3.7026517391204834,40.34604263305664,node/3621303479,40.3457465,-3.7025001,"(40.345746499999997, -3.7025001)",,35.35728844918324,"(40.345746499999997, -3.7025001)"
VILLAVERDE,SAN ANDRÉS,"CALLE DEL VADO DE SANTIAGO,1",40_LTS,439573.1025,4466719.15,-3.7115399837493896,40.348838806152344,node/3136517517,40.3491933,-3.711472,"(40.349193300000003, -3.7114720000000001)",,39.847931159538604,"(40.349193300000003, -3.7114720000000001)"
VILLAVERDE,SAN ANDRÉS,"CALLE DEL ARROYO BUENO,53",80_LTS,439611.4524,4466735.493,-3.711090087890625,40.34899139404297,node/3136517517,40.3491933,-3.711472,"(40.349193300000003, -3.7114720000000001)",,39.40020162336606,"(40.349193300000003, -3.7114720000000001)"
VILLAVERDE,SAN ANDRÉS,"CALLE DEL ARROYO BUENO,53",80_LTS,439594.4764,4466736.739,-3.711289882659912,40.3489990234375,node/3136517517,40.3491933,-3.711472,"(40.349193300000003, -3.7114720000000001)",,26.556580806021557,"(40.349193300000003, -3.7114720000000001)"
VILLAVERDE,SAN ANDRÉS,"CALLE DEL VADO DE SANTIAGO,2",50_LTS_EX,439554.6154,4466743.72,-3.7117598056793213,40.34906005859375,node/3136517517,40.3491933,-3.711472,"(40.349193300000003, -3.7114720000000001)",,28.544992587027018,"(40.349193300000003, -3.7114720000000001)"
VILLAVERDE,SAN ANDRÉS,"CALLE DEL ARROYO BUENO,53",40_LTS,439584.4015,4466751.251,-3.7114100456237793,40.34912872314453,node/3136517517,40.3491933,-3.711472,"(40.349193300000003, -3.7114720000000001)",,8.89778320377851,"(40.349193300000003, -3.7114720000000001)"
VILLAVERDE,SAN ANDRÉS,"CALLE DE POTES,1",50_LTS,439543.0207,4466780.445,-3.711899995803833,40.349388122558594,node/3136517517,40.3491933,-3.711472,"(40.349193300000003, -3.7114720000000001)",,42.258600050644375,"(40.349193300000003, -3.7114720000000001)"
VILLAVERDE,SAN ANDRÉS,"CALLE DE POTES,1",50_LTS_EX,439566.0573,4466793.581,-3.71163010597229,40.349510192871094,node/3136517517,40.3491933,-3.711472,"(40.349193300000003, -3.7114720000000001)",,37.70881175699629,"(40.349193300000003, -3.7114720000000001)"
VILLAVERDE,SAN ANDRÉS,"CALLE DE ALCOCER,45B",50_LTS,440110.7649,4466832.512,-3.7052199840545654,40.34989929199219,node/4958679525,40.3503347,-3.7050937,"(40.350334699999998, -3.7050936999999999)",,49.59774830842987,"(40.350334699999998, -3.7050936999999999)"
VILLAVERDE,SAN ANDRÉS,"CALLE DE SAN JENARO,2A",50_LTS,440145.6278,4466837.785,-3.7048099040985107,40.34994888305664,node/4958679525,40.3503347,-3.7050937,"(40.350334699999998, -3.7050936999999999)",,49.19575986184035,"(40.350334699999998, -3.7050936999999999)"
VILLAVERDE,SAN ANDRÉS,"CALLE DE ALCOCER,43",50_LTS_EX,440150.8204,4466849.954,-3.7047500610351562,40.350059509277344,node/4958679525,40.3503347,-3.7050937,"(40.350334699999998, -3.7050936999999999)",,42.2535525153092,"(40.350334699999998, -3.7050936999999999)"
VILLAVERDE,SAN ANDRÉS,"CALLE DE ALCOCER,45A",50_LTS,440088.0391,4466858.224,-3.7054901123046875,40.350128173828125,node/4958679525,40.3503347,-3.7050937,"(40.350334699999998, -3.7050936999999999)",,40.703524718026834,"(40.350334699999998, -3.7050936999999999)"
VILLAVERDE,SAN ANDRÉS,"CALLE DE ALCOCER,54",80_LTS,440094.8861,4466864.83,-3.7054100036621094,40.350189208984375,node/4958679525,40.3503347,-3.7050937,"(40.350334699999998, -3.7050936999999999)",,31.3167111775779,"(40.350334699999998, -3.7050936999999999)"
VILLAVERDE,SAN ANDRÉS,"CALLE DE ALCOCER,54",80_LTS,440108.5622,4466875.822,-3.7052500247955322,40.35028839111328,node/4958679525,40.3503347,-3.7050937,"(40.350334699999998, -3.7050936999999999)",,14.216827823348515,"(40.350334699999998, -3.7050936999999999)"
VILLAVERDE,SAN ANDRÉS,"CALLE DE ALCOCER,54",80_LTS,440140.1164,4466892.221,-3.7048799991607666,40.350440979003906,node/4958679525,40.3503347,-3.7050937,"(40.350334699999998, -3.7050936999999999)",,21.63029301880087,"(40.350334699999998, -3.7050936999999999)"
VILLAVERDE,SAN ANDRÉS,"CALLE DE EDUARDO BARREIROS,151",50_LTS,440163.1516,4466905.358,-3.7046101093292236,40.35055923461914,node/4958679525,40.3503347,-3.7050937,"(40.350334699999998, -3.7050936999999999)",,48.00032069691958,"(40.350334699999998, -3.7050936999999999)"
VILLAVERDE,SAN ANDRÉS,"CALLE DE ALCOCER,54",50_LTS,440131.8363,4466918.928,-3.70497989654541,40.35068130493164,node/4958679525,40.3503347,-3.7050937,"(40.350334699999998, -3.7050936999999999)",,39.74015610948747,"(40.350334699999998, -3.7050936999999999)"
USERA,SAN FERMÍN,"GLORIETA DE SAN MARTIN DE LA VEGA,1",50_LTS,441218.5594,4468827.41,-3.6923599243164062,40.367950439453125,node/4563978391,40.3682176,-3.691997,"(40.368217600000001, -3.6919970000000002)",,42.76551988531173,"(40.368217600000001, -3.6919970000000002)"
USERA,SAN FERMÍN,,MU-11A,441207.4916,4468830.473,-3.692490816116333,40.367977142333984,node/4563978391,40.3682176,-3.691997,"(40.368217600000001, -3.6919970000000002)",,49.66410484869895,"(40.368217600000001, -3.6919970000000002)"
USERA,SAN FERMÍN,"CALLE DE ANTEQUERA,23",50_LTS,441280.563,4468830.255,-3.6916298866271973,40.36798095703125,node/4563978391,40.3682176,-3.691997,"(40.368217600000001, -3.6919970000000002)",,40.751005900540065,"(40.368217600000001, -3.6919970000000002)"
USERA,SAN FERMÍN,"CALLE DE ANTEQUERA,14",50_LTS_EX,441225.4991,4468846.226,-3.6922800540924072,40.36811828613281,node/4563978391,40.3682176,-3.691997,"(40.368217600000001, -3.6919970000000002)",,26.408167479630762,"(40.368217600000001, -3.6919970000000002)"
USERA,SAN FERMÍN,,MU-11A,441224.4917,4468846.473,-3.6922919750213623,40.36812210083008,node/4563978391,40.3682176,-3.691997,"(40.368217600000001, -3.6919970000000002)",,27.16030073391013,"(40.368217600000001, -3.6919970000000002)"
USERA,SAN FERMÍN,"CALLE DE ANTEQUERA,23",50_LTS,441269.6648,4468848.101,-3.6917600631713867,40.368141174316406,node/4563978391,40.3682176,-3.691997,"(40.368217600000001, -3.6919970000000002)",,21.804028595055996,"(40.368217600000001, -3.6919970000000002)"
USERA,SAN FERMÍN,"CALLE DE ANTEQUERA,14",50_LTS,441246.7937,4468854.94,-3.6920299530029297,40.36819839477539,node/4563978391,40.3682176,-3.691997,"(40.368217600000001, -3.6919970000000002)",,3.5158637088870774,"(40.368217600000001, -3.6919970000000002)"
USERA,SAN FERMÍN,,MU-11A,441217.4918,4468856.473,-3.6923751831054688,40.36820983886719,node/4563978391,40.3682176,-3.691997,"(40.368217600000001, -3.6919970000000002)",,32.06000753592113,"(40.368217600000001, -3.6919970000000002)"
USERA,SAN FERMÍN,,MU-11A,441207.4919,4468857.473,-3.692493200302124,40.368221282958984,node/4563978391,40.3682176,-3.691997,"(40.368217600000001, -3.6919970000000002)",,42.05151069541379,"(40.368217600000001, -3.6919970000000002)"
USERA,SAN FERMÍN,"CALLE DE ANTEQUERA,21",50_LTS,441291.9125,4468870.128,-3.691499948501587,40.36833953857422,node/4563978391,40.3682176,-3.691997,"(40.368217600000001, -3.6919970000000002)",,44.25131527464902,"(40.368217600000001, -3.6919970000000002)"
USERA,SAN FERMÍN,"AVENIDA DE LOS ROSALES,6",50_LTS_EX,441085.7005,4468883.953,-3.69392991065979,40.36845016479492,node/4959088632,40.3686731,-3.693807,"(40.368673100000002, -3.6938070000000001)",,26.895020889507396,"(40.368673100000002, -3.6938070000000001)"
USERA,ORCASUR,,MU-11A,441136.4926,4468891.474,-3.6933324337005615,40.36852264404297,node/4959088632,40.3686731,-3.693807,"(40.368673100000002, -3.6938070000000001)",,43.55883305248636,"(40.368673100000002, -3.6938070000000001)"
USERA,SAN FERMÍN,"CALLE DE ANTEQUERA,12",50_LTS,441243.7104,4468894.926,-3.6920700073242188,40.368560791015625,node/4563978391,40.3682176,-3.691997,"(40.368217600000001, -3.6919970000000002)",,38.66997947379672,"(40.368217600000001, -3.6919970000000002)"
USERA,ORCASUR,,MU-11A,441106.4929,4468904.474,-3.6936869621276855,40.36863708496094,node/4959088632,40.3686731,-3.693807,"(40.368673100000002, -3.6938070000000001)",,10.93263024183719,"(40.368673100000002, -3.6938070000000001)"
USERA,SAN FERMÍN,"AVENIDA DE LOS ROSALES,6",50_LTS,441064.8849,4468936.289,-3.6941800117492676,40.368919372558594,node/4959088632,40.3686731,-3.693807,"(40.368673100000002, -3.6938070000000001)",,41.827077404825324,"(40.368673100000002, -3.6938070000000001)"
ARGANZUELA,ACACIAS,,MU-11A,439880.5905,4472746.53,-3.7084879875183105,40.403160095214844,node/3908009018,40.4035759,-3.7082863,"(40.4035759, -3.7082863000000001)",,49.302472461767024,"(40.4035759, -3.7082863000000001)"
ARGANZUELA,ACACIAS,"PASEO DE LAS ACACIAS,31",50_LTS_EX,439890.74,4472763.097,-3.7083699703216553,40.4033088684082,node/3908009018,40.4035759,-3.7082863,"(40.4035759, -3.7082863000000001)",,30.534688258503767,"(40.4035759, -3.7082863000000001)"
ARGANZUELA,ACACIAS,,MU-11A,439896.5905,4472764.529,-3.708301305770874,40.403324127197266,node/3908009018,40.4035759,-3.7082863,"(40.4035759, -3.7082863000000001)",,28.032573115154804,"(40.4035759, -3.7082863000000001)"
ARGANZUELA,ACACIAS,"PASEO DE LAS ACACIAS,29",50_LTS,439927.3172,4472773.905,-3.707940101623535,40.403411865234375,node/3908009018,40.4035759,-3.7082863,"(40.4035759, -3.7082863000000001)",,34.5353479917126,"(40.4035759, -3.7082863000000001)"
ARGANZUELA,ACACIAS,"CALLE DE SAN ISIDORO DE SEVILLA,23",50_LTS,439876.4479,4472779.862,-3.7085399627685547,40.40346145629883,node/3908009018,40.4035759,-3.7082863,"(40.4035759, -3.7082863000000001)",,24.97261573142807,"(40.4035759, -3.7082863000000001)"
ARGANZUELA,ACACIAS,"CALLE DE SAN ISIDORO DE SEVILLA,21",50_LTS,439873.1426,4472790.99,-3.7085800170898438,40.403560638427734,node/3908009018,40.4035759,-3.7082863,"(40.4035759, -3.7082863000000001)",,24.93526189095224,"(40.4035759, -3.7082863000000001)"
ARGANZUELA,ACACIAS,"CALLE DEL GASOMETRO,12G",50_LTS,439905.4324,4472796.281,-3.708199977874756,40.40361022949219,node/3908009018,40.4035759,-3.7082863,"(40.4035759, -3.7082863000000001)",,8.248374024413502,"(40.4035759, -3.7082863000000001)"
ARGANZUELA,ACACIAS,"PASEO DE LAS ACACIAS,24",50_LTS,439935.1765,4472801.593,-3.7078499794006348,40.40365982055664,node/3908009018,40.4035759,-3.7082863,"(40.4035759, -3.7082863000000001)",,38.11627695545638,"(40.4035759, -3.7082863000000001)"
ARGANZUELA,ACACIAS,"CALLE DEL GASOMETRO,12G",50_LTS,439917.3567,4472801.736,-3.7080600261688232,40.40365982055664,node/3908009018,40.4035759,-3.7082863,"(40.4035759, -3.7082863000000001)",,21.3172707620619,"(40.4035759, -3.7082863000000001)"
LATINA,LUCERO,"CALLE DE SAN JUAN DE MATA,4",50_LTS,435854.4955,4472840.932,-3.7559399604797363,40.403709411621094,node/2631199031,40.4038644,-3.7562714,"(40.403864400000003, -3.7562714000000001)",,32.94287255699037,"(40.403864400000003, -3.7562714000000001)"
LATINA,LUCERO,"CALLE DE SAN JUAN DE MATA,5",50_LTS_EX,435787.4687,4472842.616,-3.756730079650879,40.40372085571289,node/2631199031,40.4038644,-3.7562714,"(40.403864400000003, -3.7562714000000001)",,42.002190045298846,"(40.403864400000003, -3.7562714000000001)"
ARGANZUELA,ACACIAS,"CALLE DE SAN ISIDORO DE SEVILLA,21",50_LTS,439860.5833,4472812.182,-3.7087299823760986,40.403751373291016,node/3908009018,40.4035759,-3.7082863,"(40.4035759, -3.7082863000000001)",,42.34524001000433,"(40.4035759, -3.7082863000000001)"
LATINA,LUCERO,,MU-12C,436150.6158,4472844.562,-3.752450942993164,40.40376663208008,node/2133152102,40.4036915,-3.7527988,"(40.403691500000001, -3.7527987999999999)",,30.625109754308394,"(40.403691500000001, -3.7527987999999999)"
LATINA,LUCERO,"CALLE DE SAN JUAN DE MATA,4A",50_LTS,435819.8565,4472858.99,-3.756350040435791,40.40386962890625,node/2631199031,40.4038644,-3.7562714,"(40.403864400000003, -3.7562714000000001)",,6.686045633210236,"(40.403864400000003, -3.7562714000000001)"
LATINA,LUCERO,"CALLE DE SAN JUAN DE MATA,4",50_LTS,435858.0416,4472858.663,-3.7558999061584473,40.40386962890625,node/2631199031,40.4038644,-3.7562714,"(40.403864400000003, -3.7562714000000001)",,31.470230043708394,"(40.403864400000003, -3.7562714000000001)"
ARGANZUELA,ACACIAS,"CALLE DEL GASOMETRO,10",50_LTS,439910.8617,4472838.42,-3.7081398963928223,40.40399169921875,node/3908009018,40.4035759,-3.7082863,"(40.4035759, -3.7082863000000001)",,47.881326737200126,"(40.4035759, -3.7082863000000001)"
LATINA,LUCERO,"CALLE DE SAN JUAN DE MATA,8",50_LTS,435824.4317,4472897.803,-3.7562999725341797,40.40422058105469,node/2631199031,40.4038644,-3.7562714,"(40.403864400000003, -3.7562714000000001)",,39.690531572024476,"(40.403864400000003, -3.7562714000000001)"
LATINA,LUCERO,"CALLE DE LA CARLINA,8",50_LTS,436252.3578,4472924.126,-3.7512600421905518,40.40449142456055,node/2133152105,40.4046315,-3.7513842,"(40.404631500000001, -3.7513841999999999)",,18.79684069848987,"(40.404631500000001, -3.7513841999999999)"
LATINA,LUCERO,"CALLE DE VILLAMANIN,66",50_LTS,436243.3634,4472964.165,-3.7513699531555176,40.404850006103516,node/2133152105,40.4046315,-3.7513842,"(40.404631500000001, -3.7513841999999999)",,24.33355250154288,"(40.404631500000001, -3.7513841999999999)"
ARGANZUELA,ACACIAS,"PASEO DE LAS ACACIAS,1",50_LTS,440302.9294,4472946.296,-3.7035300731658936,40.404991149902344,node/3285505466,40.4052779,-3.7032136,"(40.405277900000002, -3.7032136000000002)",,41.66174782702205,"(40.405277900000002, -3.7032136000000002)"
LATINA,LUCERO,"CALLE DE VILLAMANIN,66",50_LTS,436224.837,4472980.974,-3.7515900135040283,40.404998779296875,node/2133152105,40.4046315,-3.7513842,"(40.404631500000001, -3.7513841999999999)",,44.41485769665503,"(40.404631500000001, -3.7513841999999999)"
ARGANZUELA,ACACIAS,"RONDA DE TOLEDO,40",50_LTS,440289.4057,4472953.064,-3.7036898136138916,40.40504837036133,node/3285505466,40.4052779,-3.7032136,"(40.405277900000002, -3.7032136000000002)",,47.73437281965452,"(40.405277900000002, -3.7032136000000002)"
CENTRO,EMBAJADORES,"GLORIETA DE EMBAJADORES,10",50_LTS,440321.8182,4472973.897,-3.703310012817383,40.40523910522461,node/3285505465,40.4054596,-3.7030097,"(40.4054596, -3.7030097)",,35.333063238992374,"(40.4054596, -3.7030097)"
CENTRO,EMBAJADORES,"RONDA DE TOLEDO,40",50_LTS,440286.2237,4472979.731,-3.7037301063537598,40.40528869628906,node/3285505466,40.4052779,-3.7032136,"(40.405277900000002, -3.7032136000000002)",,43.762710383237255,"(40.405277900000002, -3.7032136000000002)"
CENTRO,EMBAJADORES,"GLORIETA DE EMBAJADORES,10",80_LTS,440333.7772,4472983.792,-3.70317006111145,40.405330657958984,node/3285505465,40.4054596,-3.7030097,"(40.4054596, -3.7030097)",,19.752364330756656,"(40.4054596, -3.7030097)"
CENTRO,EMBAJADORES,"GLORIETA DE EMBAJADORES,10",80_LTS,440340.6361,4472992.618,-3.703089952468872,40.40541076660156,node/3285505465,40.4054596,-3.7030097,"(40.4054596, -3.7030097)",,8.700695541482945,"(40.4054596, -3.7030097)"
CENTRO,EMBAJADORES,"GLORIETA DE EMBAJADORES,1",80_LTS,440387.4204,4473006.677,-3.7025399208068848,40.405540466308594,node/3285505465,40.4054596,-3.7030097,"(40.4054596, -3.7030097)",,40.7924442070328,"(40.4054596, -3.7030097)"
CENTRO,EMBAJADORES,"GLORIETA DE EMBAJADORES,10",50_LTS_EX,440352.6746,4473012.504,-3.7029500007629395,40.40559005737305,node/3285505465,40.4054596,-3.7030097,"(40.4054596, -3.7030097)",,15.366016696433869,"(40.4054596, -3.7030097)"
CENTRO,EMBAJADORES,"CALLE DE EMBAJADORES,70",40_LTS,440357.9158,4473031.333,-3.702889919281006,40.40576171875,node/3285505465,40.4054596,-3.7030097,"(40.4054596, -3.7030097)",,35.10153367051298,"(40.4054596, -3.7030097)"
CENTRO,EMBAJADORES,"CALLE DE EMBAJADORES,70",40_LTS,440338.479,4473041.478,-3.703119993209839,40.40584945678711,node/3285505465,40.4054596,-3.7030097,"(40.4054596, -3.7030097)",,44.35709059917668,"(40.4054596, -3.7030097)"
CENTRO,EMBAJADORES,"CALLE DEL MESON DE PAREDES,37",80_LTS,440278.9583,4473452.676,-3.70386004447937,40.409549713134766,node/3285505468,40.4098655,-3.7035863,"(40.409865500000002, -3.7035863)",,42.085178755301655,"(40.409865500000002, -3.7035863)"
CENTRO,EMBAJADORES,"CALLE DE AMPARO,26",80_LTS,440304.5101,4473464.683,-3.7035601139068604,40.40966033935547,node/3283864534,40.4099289,-3.7033851,"(40.409928899999997, -3.7033851000000002)",,33.346209074446,"(40.409928899999997, -3.7033851000000002)"
CENTRO,EMBAJADORES,"CALLE DE AMPARO,37",40_LTS,440331.6969,4473468.907,-3.703239917755127,40.409698486328125,node/3283864534,40.4099289,-3.7033851,"(40.409928899999997, -3.7033851000000002)",,28.424960779306847,"(40.409928899999997, -3.7033851000000002)"
CENTRO,EMBAJADORES,"CALLE DEL MESON DE PAREDES,37",50_LTS_EX,440274.875,4473472.69,-3.7039098739624023,40.40972900390625,node/3283864534,40.4099289,-3.7033851,"(40.409928899999997, -3.7033851000000002)",,49.69465681471065,"(40.409928899999997, -3.7033851000000002)"
CENTRO,EMBAJADORES,"CALLE DEL MESON DE PAREDES,35",40_LTS,440263.0404,4473478.334,-3.704050064086914,40.4097785949707,node/3285505468,40.4098655,-3.7035863,"(40.409865500000002, -3.7035863)",,40.4484557825798,"(40.409865500000002, -3.7035863)"
CENTRO,EMBAJADORES,"CALLE DEL MESON DE PAREDES,37",80_LTS,440279.197,4473482.646,-3.70386004447937,40.409820556640625,node/3283864534,40.4099289,-3.7033851,"(40.409928899999997, -3.7033851000000002)",,41.98970355433202,"(40.409928899999997, -3.7033851000000002)"
CENTRO,EMBAJADORES,"CALLE DE AMPARO,26",80_LTS,440298.7121,4473482.49,-3.703629970550537,40.409820556640625,node/3283864534,40.4099289,-3.7033851,"(40.409928899999997, -3.7033851000000002)",,23.985250191761384,"(40.409928899999997, -3.7033851000000002)"
CENTRO,EMBAJADORES,"CALLE DE AMPARO,35",80_LTS,440312.332,4473487.932,-3.70346999168396,40.40987014770508,node/3283864534,40.4099289,-3.7033851,"(40.409928899999997, -3.7033851000000002)",,9.7156001693786,"(40.409928899999997, -3.7033851000000002)"
CENTRO,EMBAJADORES,"CALLE DE AMPARO,24",50_LTS_EX,440305.606,4473495.756,-3.703550100326538,40.40993881225586,node/3283864534,40.4099289,-3.7033851,"(40.409928899999997, -3.7033851000000002)",,14.017393714903553,"(40.409928899999997, -3.7033851000000002)"
CENTRO,EMBAJADORES,"CALLE DE AMPARO,29",40_LTS,440320.9758,4473507.845,-3.7033698558807373,40.41004943847656,node/3283864534,40.4099289,-3.7033851,"(40.409928899999997, -3.7033851000000002)",,13.46905991897579,"(40.409928899999997, -3.7033851000000002)"
CENTRO,EMBAJADORES,"CALLE DE AMPARO,18",40_LTS,440295.7512,4473536.907,-3.703670024871826,40.410308837890625,node/3283864534,40.4099289,-3.7033851,"(40.409928899999997, -3.7033851000000002)",,48.66316974901502,"(40.409928899999997, -3.7033851000000002)"
CENTRO,SOL,"CALLE DE ESPARTEROS,1",40_LTS,440185.6981,4474207.154,-3.7050299644470215,40.41633987426758,node/4317894294,40.4165367,-3.7045088,"(40.416536700000002, -3.7045088000000002)",,49.26488051879596,"(40.416536700000002, -3.7045088000000002)"
CENTRO,SOL,"CALLE MAYOR,2",80_LTS,440201.0933,4474222.572,-3.7048499584198,40.416481018066406,node/4317894294,40.4165367,-3.7045088,"(40.416536700000002, -3.7045088000000002)",,29.546457998434935,"(40.416536700000002, -3.7045088000000002)"
CENTRO,SOL,"CALLE MAYOR,4",80_LTS,440189.2954,4474232.657,-3.7049899101257324,40.416568756103516,node/4317894294,40.4165367,-3.7045088,"(40.416536700000002, -3.7045088000000002)",,40.897194165300846,"(40.416536700000002, -3.7045088000000002)"
CENTRO,SOL,"CALLE MAYOR,1",120_LTS,440230.0716,4474238.992,-3.704509973526001,40.416629791259766,node/4317894294,40.4165367,-3.7045088,"(40.416536700000002, -3.7045088000000002)",,10.354669109653802,"(40.416536700000002, -3.7045088000000002)"
CENTRO,SOL,"PLAZA DE LA PUERTA DEL SOL,8",80_LTS,440228.4456,4474247.885,-3.7045300006866455,40.416709899902344,node/4317894294,40.4165367,-3.7045088,"(40.416536700000002, -3.7045088000000002)",,19.34785197304041,"(40.416536700000002, -3.7045088000000002)"
CENTRO,SOL,"CALLE DEL ARENAL,2",80_LTS,440202.3047,4474268.075,-3.7048401832580566,40.41688919067383,node/4317894294,40.4165367,-3.7045088,"(40.416536700000002, -3.7045088000000002)",,48.214259649450014,"(40.416536700000002, -3.7045088000000002)"
CENTRO,SOL,"PLAZA DE LA PUERTA DEL SOL,10",80_LTS,440249.0017,4474272.143,-3.7042899131774902,40.41693115234375,node/4317894294,40.4165367,-3.7045088,"(40.416536700000002, -3.7045088000000002)",,47.62830169671346,"(40.416536700000002, -3.7045088000000002)"
CHAMBERÍ,TRAFALGAR,"CALLE DE SANTA FELICIANA,18",50_LTS,440752.086,4476090.88,-3.6985299587249756,40.433349609375,node/3428476974,40.4335222,-3.6983096,"(40.433522199999999, -3.6983096)",,26.768415385423303,"(40.433522199999999, -3.6983096)"
CHAMBERÍ,TRAFALGAR,"CALLE DE SANTA ENGRACIA,53",50_LTS,440778.4061,4476094.002,-3.6982200145721436,40.433380126953125,node/3428476974,40.4335222,-3.6983096,"(40.433522199999999, -3.6983096)",,17.52809560053393,"(40.433522199999999, -3.6983096)"
CHAMBERÍ,ALMAGRO,"CALLE DE SANTA ENGRACIA,46",50_LTS,440801.3246,4476096.041,-3.6979501247406006,40.43339920043945,node/3428476974,40.4335222,-3.6983096,"(40.433522199999999, -3.6983096)",,33.36708710147181,"(40.433522199999999, -3.6983096)"
CHAMBERÍ,TRAFALGAR,"CALLE DE SANTA FELICIANA,17",50_LTS,440736.8801,4476098.771,-3.6987099647521973,40.43341827392578,node/3428476974,40.4335222,-3.6983096,"(40.433522199999999, -3.6983096)",,35.8120885547696,"(40.433522199999999, -3.6983096)"
CHAMBERÍ,ALMAGRO,"CALLE DE SANTA ENGRACIA,46",50_LTS_EX,440803.1701,4476114.898,-3.697930097579956,40.433570861816406,node/3428476974,40.4335222,-3.6983096,"(40.433522199999999, -3.6983096)",,32.58169574016848,"(40.433522199999999, -3.6983096)"
CHAMBERÍ,ALMAGRO,"CALLE DE SANTA ENGRACIA,48",50_LTS,440812.6141,4476129.254,-3.697819948196411,40.43370056152344,node/3428476974,40.4335222,-3.6983096,"(40.433522199999999, -3.6983096)",,45.956757522857735,"(40.433522199999999, -3.6983096)"
CHAMBERÍ,TRAFALGAR,"CALLE DE SANTA ENGRACIA,59",50_LTS,440761.7934,4476138.536,-3.6984200477600098,40.433780670166016,node/3428476974,40.4335222,-3.6983096,"(40.433522199999999, -3.6983096)",,30.231099631424488,"(40.433522199999999, -3.6983096)"
CHAMBERÍ,ALMAGRO,"CALLE DE SANTA ENGRACIA,48",50_LTS,440792.3454,4476140.515,-3.6980597972869873,40.433799743652344,node/3428476974,40.4335222,-3.6983096,"(40.433522199999999, -3.6983096)",,37.419558803795375,"(40.433522199999999, -3.6983096)"
CHAMBERÍ,ALMAGRO,"CALLE DE SANTA ENGRACIA,48",50_LTS,440800.0492,4476149.334,-3.697969913482666,40.43387985229492,node/3428476974,40.4335222,-3.6983096,"(40.433522199999999, -3.6983096)",,49.08667131135216,"(40.433522199999999, -3.6983096)"
MONCLOA-ARAVACA,ARGUELLES,"CALLE DE LA PRINCESA,89",80_LTS,438969.6868,4476269.477,-3.719559907913208,40.43482971191406,node/4564015790,40.4351802,-3.7192425,"(40.435180199999998, -3.7192425)",,47.34749771456988,"(40.435180199999998, -3.7192425)"
MONCLOA-ARAVACA,ARGUELLES,"CALLE DE LA PRINCESA,98",80_LTS,439004.4979,4476273.634,-3.7191500663757324,40.434871673583984,node/4564015790,40.4351802,-3.7192425,"(40.435180199999998, -3.7192425)",,35.19715981165908,"(40.435180199999998, -3.7192425)"
MONCLOA-ARAVACA,ARGUELLES,"CALLE DE LA PRINCESA,98",120_LTS,438998.7776,4476300.322,-3.719219923019409,40.43510818481445,node/4564015790,40.4351802,-3.7192425,"(40.435180199999998, -3.7192425)",,8.234864474821393,"(40.435180199999998, -3.7192425)"
MONCLOA-ARAVACA,ARGUELLES,"PLAZA DE LA MONCLOA,1",50_LTS,439018.3848,4476312.373,-3.7189900875091553,40.435218811035156,node/4564015790,40.4351802,-3.7192425,"(40.435180199999998, -3.7192425)",,21.796198350923238,"(40.435180199999998, -3.7192425)"
MONCLOA-ARAVACA,ARGUELLES,"PLAZA DE LA MONCLOA,1",40_LTS,438997.253,4476321.426,-3.7192399501800537,40.435298919677734,node/4564015790,40.4351802,-3.7192425,"(40.435180199999998, -3.7192425)",,13.206509488300615,"(40.435180199999998, -3.7192425)"
MONCLOA-ARAVACA,ARGUELLES,"PLAZA DE LA MONCLOA,1",40_LTS,439004.9045,4476323.584,-3.7191500663757324,40.43532180786133,node/4564015790,40.4351802,-3.7192425,"(40.435180199999998, -3.7192425)",,17.587327731726575,"(40.435180199999998, -3.7192425)"
MONCLOA-ARAVACA,ARGUELLES,"PLAZA DE LA MONCLOA,1",40_LTS,438999.8336,4476325.845,-3.719209909439087,40.435340881347656,node/4564015790,40.4351802,-3.7192425,"(40.435180199999998, -3.7192425)",,18.083703189228192,"(40.435180199999998, -3.7192425)"
MONCLOA-ARAVACA,ARGUELLES,"PLAZA DE LA MONCLOA,1",50_LTS,439029.5374,4476327.824,-3.718859910964966,40.435359954833984,node/4564015790,40.4351802,-3.7192425,"(40.435180199999998, -3.7192425)",,38.06332193027894,"(40.435180199999998, -3.7192425)"
MONCLOA-ARAVACA,ARGUELLES,"PLAZA DE LA MONCLOA,1",40_LTS,439016.8872,4476336.807,-3.7190101146698,40.43544006347656,node/4564015790,40.4351802,-3.7192425,"(40.435180199999998, -3.7192425)",,34.963751510895904,"(40.435180199999998, -3.7192425)"
MONCLOA-ARAVACA,ARGUELLES,"PLAZA DE LA MONCLOA,1",40_LTS,439010.9682,4476339.075,-3.7190799713134766,40.43545913696289,node/4564015790,40.4351802,-3.7192425,"(40.435180199999998, -3.7192425)",,33.93936037082476,"(40.435180199999998, -3.7192425)"
MONCLOA-ARAVACA,ARGUELLES,"PLAZA DE LA MONCLOA,1",40_LTS,439015.2632,4476345.701,-3.7190299034118652,40.43552017211914,node/4564015790,40.4351802,-3.7192425,"(40.435180199999998, -3.7192425)",,41.87860774817688,"(40.435180199999998, -3.7192425)"
MONCLOA-ARAVACA,CIUDAD UNIVERSITARIA,,50_LTS,439001.8824,4476369.121,-3.7191898822784424,40.43572998046875,node/4456027492,40.4360181,-3.7190607,"(40.436018099999998, -3.7190607)",,33.86115840960535,"(40.436018099999998, -3.7190607)"
MONCLOA-ARAVACA,CIUDAD UNIVERSITARIA,,50_LTS,438952.9787,4476405.042,-3.7197699546813965,40.43605041503906,node/4456027695,40.4363654,-3.7197461,"(40.4363654, -3.7197461000000001)",,35.092753142250174,"(40.4363654, -3.7197461000000001)"
MONCLOA-ARAVACA,CIUDAD UNIVERSITARIA,,50_LTS,438983.6117,4476417.003,-3.719409942626953,40.436161041259766,node/4456027492,40.4360181,-3.7190607,"(40.436018099999998, -3.7190607)",,33.56968896589483,"(40.436018099999998, -3.7190607)"
MONCLOA-ARAVACA,CIUDAD UNIVERSITARIA,"AVENIDA DE LOS REYES CATOLICOS,6",50_LTS,438803.9164,4476536.137,-3.7215399742126465,40.43722152709961,node/4456021893,40.4371485,-3.7210201,"(40.437148499999999, -3.7210201000000001)",,44.75386677907253,"(40.437148499999999, -3.7210201000000001)"
MONCLOA-ARAVACA,CIUDAD UNIVERSITARIA,,MU-14B,438819.6093,4476542.548,-3.721355676651001,40.437278747558594,node/4456021893,40.4371485,-3.7210201,"(40.437148499999999, -3.7210201000000001)",,31.88923042294754,"(40.437148499999999, -3.7210201000000001)"
CIUDAD LINEAL,CONCEPCIÓN,"CALLE DE LA VIRGEN DE AFRICA,7",50_LTS,444586.6428,4476507.783,-3.653359889984131,40.43737030029297,node/2835692875,40.4377571,-3.6535265,"(40.437757099999999, -3.6535264999999999)",,45.27531059584782,"(40.437757099999999, -3.6535264999999999)"
CIUDAD LINEAL,CONCEPCIÓN,"CALLE DE LA VIRGEN DE AFRICA,7",50_LTS,444572.3313,4476522.32,-3.6535298824310303,40.4375,node/2835692875,40.4377571,-3.6535265,"(40.437757099999999, -3.6535264999999999)",,28.597703811459784,"(40.437757099999999, -3.6535264999999999)"
CIUDAD LINEAL,CONCEPCIÓN,"CALLE DE LA VIRGEN DEL ROCIO,1",50_LTS,444557.1553,4476534.643,-3.653709888458252,40.4376106262207,node/2835692875,40.4377571,-3.6535265,"(40.437757099999999, -3.6535264999999999)",,22.504263464526343,"(40.437757099999999, -3.6535264999999999)"
CIUDAD LINEAL,CONCEPCIÓN,"CALLE DE LA VIRGEN DE LOS REYES,1",50_LTS,444591.1216,4476539.942,-3.6533100605010986,40.437660217285156,node/2835692875,40.4377571,-3.6535265,"(40.437757099999999, -3.6535264999999999)",,21.25665927607377,"(40.437757099999999, -3.6535264999999999)"
CIUDAD LINEAL,CONCEPCIÓN,"CALLE DE LA VIRGEN DE LOS REYES,1",50_LTS,444570.8239,4476547.862,-3.653549909591675,40.43772888183594,node/2803101536,40.4380724,-3.6537713,"(40.438072400000003, -3.6537712999999998)",,42.55734589877853,"(40.438072400000003, -3.6537712999999998)"
CIUDAD LINEAL,CONCEPCIÓN,"CALLE DE LA VIRGEN DE LOS REYES,7",50_LTS,444642.272,4476575.085,-3.6527099609375,40.43798065185547,node/2835692882,40.4379647,-3.6531244,"(40.437964700000002, -3.6531243999999998)",,35.12928114300092,"(40.437964700000002, -3.6531243999999998)"
CIUDAD LINEAL,SAN PASCUAL,"CALLE DE LA VIRGEN DEL VAL,7",50_LTS_EX,444530.3767,4476583.683,-3.6540300846099854,40.43804931640625,node/2800602924,40.4380767,-3.653931,"(40.438076700000003, -3.653931)",,8.92388130507186,"(40.438076700000003, -3.653931)"
CIUDAD LINEAL,CONCEPCIÓN,"CALLE DE LA VIRGEN DEL VAL,22",50_LTS,444557.5332,4476585.702,-3.653709888458252,40.43806838989258,node/2800602924,40.4380767,-3.653931,"(40.438076700000003, -3.653931)",,18.74103415943981,"(40.438076700000003, -3.653931)"
CIUDAD LINEAL,CONCEPCIÓN,"CALLE DE LA VIRGEN DE LOS REYES,7",50_LTS,444633.8973,4476589.578,-3.6528100967407227,40.4381103515625,node/2803101543,40.4384608,-3.6529308,"(40.438460800000001, -3.6529308)",,40.29612429233424,"(40.438460800000001, -3.6529308)"
CIUDAD LINEAL,CONCEPCIÓN,"CALLE DE LA VIRGEN DE LOS REYES,7",50_LTS,444648.3237,4476590.581,-3.6526401042938232,40.4381217956543,node/2803101543,40.4384608,-3.6529308,"(40.438460800000001, -3.6529308)",,45.02609831341382,"(40.438460800000001, -3.6529308)"
CIUDAD LINEAL,SAN PASCUAL,"CALLE DE LA VIRGEN DEL VAL,9",50_LTS,444552.5266,4476596.84,-3.6537699699401855,40.43817138671875,node/2800602924,40.4380767,-3.653931,"(40.438076700000003, -3.653931)",,17.22635633025237,"(40.438076700000003, -3.653931)"
CIUDAD LINEAL,SAN PASCUAL,"CALLE DE LA VIRGEN DEL VAL,9",120_LTS,444567.0186,4476606.723,-3.653599977493286,40.43825912475586,node/2800602924,40.4380767,-3.653931,"(40.438076700000003, -3.653931)",,34.597308994248614,"(40.438076700000003, -3.653931)"
CIUDAD LINEAL,SAN PASCUAL,"CALLE DE LOS DERECHOS HUMANOS,4B",50_LTS,444436.4652,4476615.461,-3.655139923095703,40.438331604003906,node/2757304258,40.4384713,-3.6551845,"(40.438471300000003, -3.6551844999999998)",,15.989545679021042,"(40.438471300000003, -3.6551844999999998)"
CIUDAD LINEAL,SAN PASCUAL,"CALLE DE LA VIRGEN DEL VAL,24",50_LTS,444579.7979,4476614.399,-3.6534500122070312,40.438331604003906,node/2800602924,40.4380767,-3.653931,"(40.438076700000003, -3.653931)",,49.61645840565447,"(40.438076700000003, -3.653931)"
CIUDAD LINEAL,SAN PASCUAL,"CALLE DE ESTEBAN MORA,11",50_LTS,444367.7755,4476617.081,-3.655949831008911,40.43833923339844,node/2800683170,40.4382298,-3.655658,"(40.438229800000002, -3.6556579999999999)",,27.540646025551915,"(40.438229800000002, -3.6556579999999999)"
CIUDAD LINEAL,SAN PASCUAL,"CALLE DE LA VIRGEN DE AFRICA,11",50_LTS,444492.5318,4476627.256,-3.65447998046875,40.438438415527344,node/2798540104,40.4387827,-3.6545659,"(40.438782699999997, -3.6545659000000001)",,38.97811477130902,"(40.438782699999997, -3.6545659000000001)"
CIUDAD LINEAL,CONCEPCIÓN,"CALLE DE LA VIRGEN DEL VAL,15",50_LTS,444619.7664,4476628.534,-3.652980089187622,40.43846130371094,node/2800720060,40.4383428,-3.653407,"(40.438342800000001, -3.6534070000000001)",,38.46858658042972,"(40.438342800000001, -3.6534070000000001)"
CIUDAD LINEAL,SAN PASCUAL,"CALLE DE LA VIRGEN DE AFRICA,14",50_LTS,444523.1052,4476632.58,-3.6541199684143066,40.43849182128906,node/2798540104,40.4387827,-3.6545659,"(40.438782699999997, -3.6545659000000001)",,49.71727919754606,"(40.438782699999997, -3.6545659000000001)"
CIUDAD LINEAL,SAN PASCUAL,"CALLE DE ESTEBAN MORA,39A",50_LTS,444437.4615,4476635.435,-3.655129909515381,40.43851089477539,node/2757304258,40.4384713,-3.6551845,"(40.438471300000003, -3.6551844999999998)",,6.383711611141745,"(40.438471300000003, -3.6551844999999998)"
CIUDAD LINEAL,SAN PASCUAL,"CALLE DE ESTEBAN MORA,13",50_LTS,444396.7929,4476641.287,-3.6556100845336914,40.438560485839844,node/2757304258,40.4384713,-3.6551845,"(40.438471300000003, -3.6551844999999998)",,37.36838442435791,"(40.438471300000003, -3.6551844999999998)"
CIUDAD LINEAL,SAN PASCUAL,"CALLE DE ESTEBAN MORA,39G",50_LTS,444463.8108,4476643.01,-3.654819965362549,40.43857955932617,node/2757304258,40.4384713,-3.6551845,"(40.438471300000003, -3.6551844999999998)",,33.1255554265224,"(40.438471300000003, -3.6551844999999998)"
CIUDAD LINEAL,SAN PASCUAL,"CALLE DE LA VIRGEN DE AFRICA,14",120_LTS,444534.2376,4476646.928,-3.6539900302886963,40.438621520996094,node/2800668859,40.4386894,-3.6542356,"(40.438689400000001, -3.6542355999999998)",,22.11708582560588,"(40.438689400000001, -3.6542355999999998)"
CIUDAD LINEAL,SAN PASCUAL,"CALLE DE LA VIRGEN DEL VAL,17",50_LTS,444636.9011,4476651.719,-3.652780055999756,40.43867111206055,node/2803101543,40.4384608,-3.6529308,"(40.438460800000001, -3.6529308)",,26.646637584618603,"(40.438460800000001, -3.6529308)"
CIUDAD LINEAL,SAN PASCUAL,"CALLE DE ESTEBAN MORA,41",120_LTS,444509.6997,4476654.88,-3.654279947280884,40.438690185546875,node/2798540104,40.4387827,-3.6545659,"(40.438782699999997, -3.6545659000000001)",,26.303418488676936,"(40.438782699999997, -3.6545659000000001)"
CIUDAD LINEAL,SAN PASCUAL,PORTAL,MU-11B,444518.4339,4476659.866,-3.65417742729187,40.43873596191406,node/2798540104,40.4387827,-3.6545659,"(40.438782699999997, -3.6545659000000001)",,33.29421985823214,"(40.438782699999997, -3.6545659000000001)"
CIUDAD LINEAL,SAN PASCUAL,PORTAL,MU-11B,444539.0339,4476665.876,-3.653935194015503,40.43878936767578,node/2800668859,40.4386894,-3.6542356,"(40.438689400000001, -3.6542355999999998)",,27.755199973706393,"(40.438689400000001, -3.6542355999999998)"
CIUDAD LINEAL,CONCEPCIÓN,"CALLE DE LA VIRGEN DEL VAL,32",50_LTS,444682.7978,4476664.701,-3.652240037918091,40.43878936767578,node/2821472419,40.4386367,-3.6525836,"(40.438636700000004, -3.6525835999999998)",,33.67822212732024,"(40.438636700000004, -3.6525835999999998)"
CIUDAD LINEAL,SAN PASCUAL,PORTAL,MU-11B,444530.9939,4476667.286,-3.6540300846099854,40.438804626464844,node/2798540104,40.4387827,-3.6545659,"(40.438782699999997, -3.6545659000000001)",,45.424552530243226,"(40.438782699999997, -3.6545659000000001)"
CIUDAD LINEAL,SAN PASCUAL,"CALLE DE ESTEBAN MORA,43",120_LTS,444535.2501,4476669.122,-3.653980016708374,40.438819885253906,node/2798540104,40.4387827,-3.6545659,"(40.438782699999997, -3.6545659000000001)",,49.769643290913244,"(40.438782699999997, -3.6545659000000001)"
CIUDAD LINEAL,SAN PASCUAL,"CALLE DE ESTEBAN MORA,41",50_LTS,444502.19,4476671.587,-3.654370069503784,40.438838958740234,node/2798540104,40.4387827,-3.6545659,"(40.438782699999997, -3.6545659000000001)",,17.719525972869036,"(40.438782699999997, -3.6545659000000001)"
CIUDAD LINEAL,SAN PASCUAL,"CALLE DE LA VIRGEN DE AFRICA,27",50_LTS,444469.1217,4476672.942,-3.6547598838806152,40.43885040283203,node/2764886684,40.439174,-3.655041,"(40.439174000000001, -3.6550410000000002)",,43.148411753412354,"(40.439174000000001, -3.6550410000000002)"
CIUDAD LINEAL,SAN PASCUAL,PORTAL,MU-11B,444540.624,4476673.076,-3.653917074203491,40.4388542175293,node/2800668859,40.4386894,-3.6542356,"(40.438689400000001, -3.6542355999999998)",,32.60600016645809,"(40.438689400000001, -3.6542355999999998)"
CIUDAD LINEAL,SAN PASCUAL,"CALLE DE ESTEBAN MORA,24",50_LTS_EX,444554.8225,4476677.857,-3.653749942779541,40.438899993896484,node/2800668859,40.4386894,-3.6542356,"(40.438689400000001, -3.6542355999999998)",,47.31740806078678,"(40.438689400000001, -3.6542355999999998)"
CIUDAD LINEAL,SAN PASCUAL,"CALLE DE LOS DERECHOS HUMANOS,8",50_LTS,444387.7767,4476683.536,-3.6557199954986572,40.43893814086914,node/2757304282,40.4388693,-3.6554855,"(40.4388693, -3.6554855000000002)",,21.276526923154304,"(40.4388693, -3.6554855000000002)"
CIUDAD LINEAL,SAN PASCUAL,"CALLE DE ESTEBAN MORA,43",50_LTS,444530.2847,4476685.809,-3.6540400981903076,40.438968658447266,node/2798540104,40.4387827,-3.6545659,"(40.438782699999997, -3.6545659000000001)",,49.082182056260095,"(40.438782699999997, -3.6545659000000001)"
CIUDAD LINEAL,SAN PASCUAL,"CALLE DE LA VIRGEN DE AFRICA,29",50_LTS,444450.7265,4476708.6,-3.654979944229126,40.439170837402344,node/2764886684,40.439174,-3.655041,"(40.439174000000001, -3.6550410000000002)",,5.180556210794879,"(40.439174000000001, -3.6550410000000002)"
CIUDAD LINEAL,SAN PASCUAL,"CALLE DE LOS DERECHOS HUMANOS,8",50_LTS,444397.3037,4476710.107,-3.6556100845336914,40.439178466796875,node/2757304282,40.4388693,-3.6554855,"(40.4388693, -3.6554855000000002)",,35.96842944960328,"(40.4388693, -3.6554855000000002)"
CIUDAD LINEAL,SAN PASCUAL,"CALLE DE CESAR GONZALEZ RUANO,1",50_LTS,444473.7243,4476721.75,-3.654710054397583,40.43928909301758,node/2764886684,40.439174,-3.655041,"(40.439174000000001, -3.6550410000000002)",,30.801912818885608,"(40.439174000000001, -3.6550410000000002)"
CIUDAD LINEAL,SAN PASCUAL,"CALLE DE CESAR GONZALEZ RUANO,3",50_LTS,444505.9607,4476722.622,-3.654330015182495,40.439300537109375,node/2764886876,40.4392548,-3.6546673,"(40.439254800000001, -3.6546672999999998)",,29.002028340192215,"(40.439254800000001, -3.6546672999999998)"
CIUDAD LINEAL,SAN PASCUAL,"CALLE DE LOS DERECHOS HUMANOS,10",50_LTS,444377.1056,4476731.348,-3.6558499336242676,40.439369201660156,node/2798481168,40.4392256,-3.6555999,"(40.4392256, -3.6555998999999999)",,26.516475299259838,"(40.4392256, -3.6555998999999999)"
CIUDAD LINEAL,SAN PASCUAL,"CALLE DE LA VIRGEN DE AFRICA,31",50_LTS_EX,444452.7026,4476746.328,-3.6549599170684814,40.439510345458984,node/2764886684,40.439174,-3.655041,"(40.439174000000001, -3.6550410000000002)",,38.034922959830595,"(40.439174000000001, -3.6550410000000002)"
CIUDAD LINEAL,SAN PASCUAL,"CALLE DE LOS DERECHOS HUMANOS,14",50_LTS,444367.2003,4476768.053,-3.6559700965881348,40.439701080322266,node/2764886702,40.4398955,-3.6558139,"(40.439895499999999, -3.6558139000000001)",,25.346730506078682,"(40.439895499999999, -3.6558139000000001)"
CIUDAD LINEAL,SAN PASCUAL,"CALLE DE VERDAGUER Y GARCIA,2",50_LTS,444344.3592,4476775.993,-3.6562399864196777,40.43976974487305,node/2764886702,40.4398955,-3.6558139,"(40.439895499999999, -3.6558139000000001)",,38.686555953949174,"(40.439895499999999, -3.6558139000000001)"
CIUDAD LINEAL,SAN PASCUAL,"CALLE DE VERDAGUER Y GARCIA,5",50_LTS,444352.1818,4476801.467,-3.6561501026153564,40.439998626708984,node/2764886702,40.4398955,-3.6558139,"(40.439895499999999, -3.6558139000000001)",,30.684998950904628,"(40.439895499999999, -3.6558139000000001)"
CIUDAD LINEAL,SAN PASCUAL,"CALLE DE LA VIRGEN DE AFRICA,35",50_LTS,444434.5218,4476810.846,-3.655179977416992,40.44009017944336,node/2764886667,40.4401021,-3.6550956,"(40.440102099999997, -3.6550956000000001)",,7.264782744293562,"(40.440102099999997, -3.6550956000000001)"
CIUDAD LINEAL,SAN PASCUAL,"CALLE DE LA VIRGEN DE AFRICA,37",50_LTS_EX,444425.3244,4476828.675,-3.655290126800537,40.440250396728516,node/2764886667,40.4401021,-3.6550956,"(40.440102099999997, -3.6550956000000001)",,23.307426119749305,"(40.440102099999997, -3.6550956000000001)"
CIUDAD LINEAL,SAN PASCUAL,"CALLE DE VERDAGUER Y GARCIA,43",50_LTS,444477.9559,4476834.945,-3.654670000076294,40.440311431884766,node/2764886667,40.4401021,-3.6550956,"(40.440102099999997, -3.6550956000000001)",,42.896732349236636,"(40.440102099999997, -3.6550956000000001)"
CIUDAD LINEAL,SAN PASCUAL,"CALLE DE LA VIRGEN DE AFRICA,38",50_LTS,444451.6813,4476837.36,-3.654979944229126,40.440330505371094,node/2764886667,40.4401021,-3.6550956,"(40.440102099999997, -3.6550956000000001)",,27.225947007967537,"(40.440102099999997, -3.6550956000000001)"
MONCLOA-ARAVACA,CIUDAD UNIVERSITARIA,"CALLE DEL DOCTOR SEVERO OCHOA,1",50_LTS,438537.1479,4477103.349,-3.7247400283813477,40.44231033325195,node/4891506552,40.4425629,-3.7246133,"(40.442562899999999, -3.7246133000000001)",,30.070633214006047,"(40.442562899999999, -3.7246133000000001)"
MONCLOA-ARAVACA,CIUDAD UNIVERSITARIA,"CALLE DEL DOCTOR FERNANDO CASTRO RODRIGUEZ,1",50_LTS,438521.9645,4477113.465,-3.7249200344085693,40.44240188598633,node/4891506552,40.4425629,-3.7246133,"(40.442562899999999, -3.7246133000000001)",,31.54219133774182,"(40.442562899999999, -3.7246133000000001)"
MONCLOA-ARAVACA,CIUDAD UNIVERSITARIA,"CALLE DEL DOCTOR SEVERO OCHOA,1",50_LTS,438552.5498,4477119.874,-3.724560022354126,40.44245910644531,node/4891497957,40.4426307,-3.7240708,"(40.442630700000002, -3.7240707999999998)",,45.598832424759415,"(40.442630700000002, -3.7240707999999998)"
MONCLOA-ARAVACA,CIUDAD UNIVERSITARIA,"CALLE DEL DOCTOR SEVERO OCHOA,1",50_LTS,438544.9991,4477129.927,-3.7246499061584473,40.44255065917969,node/4891497957,40.4426307,-3.7240708,"(40.442630700000002, -3.7240707999999998)",,49.822855009565856,"(40.442630700000002, -3.7240707999999998)"
MONCLOA-ARAVACA,CIUDAD UNIVERSITARIA,"CALLE DEL DOCTOR SEVERO OCHOA,5",50_LTS,438634.922,4477132.52,-3.7235898971557617,40.44258117675781,node/4161784450,40.4425491,-3.7239337,"(40.442549100000001, -3.7239336999999999)",,29.32060671414701,"(40.442549100000001, -3.7239336999999999)"
MONCLOA-ARAVACA,CIUDAD UNIVERSITARIA,"CALLE DEL DOCTOR SEVERO OCHOA,3",50_LTS,438576.4051,4477132.999,-3.7242798805236816,40.44258117675781,node/4161784450,40.4425491,-3.7239337,"(40.442549100000001, -3.7239336999999999)",,29.520390599234283,"(40.442549100000001, -3.7239336999999999)"
MONCLOA-ARAVACA,CIUDAD UNIVERSITARIA,"CALLE DEL DOCTOR SEVERO OCHOA,3",50_LTS,438622.2464,4477138.174,-3.7237401008605957,40.442630767822266,node/4161784450,40.4425491,-3.7239337,"(40.442549100000001, -3.7239336999999999)",,18.73713964134259,"(40.442549100000001, -3.7239336999999999)"
MONCLOA-ARAVACA,CIUDAD UNIVERSITARIA,"CALLE DEL DOCTOR SEVERO OCHOA,5",50_LTS,438694.3597,4477140.914,-3.7228899002075195,40.44266128540039,node/4161785905,40.4426521,-3.7229862,"(40.442652099999997, -3.7229861999999998)",,8.215488845283856,"(40.442652099999997, -3.7229861999999998)"
MONCLOA-ARAVACA,CIUDAD UNIVERSITARIA,,MU-11A,438494.6137,4477155.553,-3.7252466678619385,40.44277572631836,node/4891506551,40.442886,-3.7250343,"(40.442886000000001, -3.7250342999999999)",,21.76240083509888,"(40.442886000000001, -3.7250342999999999)"
MONCLOA-ARAVACA,CIUDAD UNIVERSITARIA,"CALLE DEL DOCTOR SEVERO OCHOA,1",50_LTS,438504.638,4477172.441,-3.725130081176758,40.442928314208984,node/4891506551,40.442886,-3.7250343,"(40.442886000000001, -3.7250342999999999)",,9.374799325848487,"(40.442886000000001, -3.7250342999999999)"
MONCLOA-ARAVACA,CIUDAD UNIVERSITARIA,"PLAZA DE RAMON Y CAJAL,4",50_LTS,438489.4092,4477177.006,-3.7253100872039795,40.442970275878906,node/4891506546,40.4433753,-3.7255596,"(40.4433753, -3.7255596)",,49.75474715178583,"(40.4433753, -3.7255596)"
MONCLOA-ARAVACA,CIUDAD UNIVERSITARIA,,MU-11A,438477.6139,4477182.553,-3.725449800491333,40.44301986694336,node/4891499257,40.4433512,-3.7258068,"(40.443351200000002, -3.7258068)",,47.65878289100518,"(40.443351200000002, -3.7258068)"
MONCLOA-ARAVACA,CIUDAD UNIVERSITARIA,"PLAZA DE RAMON Y CAJAL,4",120_LTS,438436.0814,4477189.655,-3.725939989089966,40.44308090209961,node/4891499256,40.4433202,-3.7260019,"(40.443320200000002, -3.7260019)",,27.127242616190305,"(40.443320200000002, -3.7260019)"
MONCLOA-ARAVACA,CIUDAD UNIVERSITARIA,,MU-11A,438422.6144,4477191.554,-3.7260990142822266,40.44309616088867,node/4891499256,40.4433202,-3.7260019,"(40.443320200000002, -3.7260019)",,26.239975227369758,"(40.443320200000002, -3.7260019)"
MONCLOA-ARAVACA,CIUDAD UNIVERSITARIA,,MU-11A,438483.6139,4477196.553,-3.7253801822662354,40.443145751953125,node/4891499257,40.4433512,-3.7258068,"(40.443351200000002, -3.7258068)",,42.73520852433064,"(40.443351200000002, -3.7258068)"
MONCLOA-ARAVACA,CIUDAD UNIVERSITARIA,"CALLE DEL DOCTOR SEVERO OCHOA,7",50_LTS,438716.0065,4477195.13,-3.722640037536621,40.44314956665039,node/4891497963,40.4434552,-3.7228136,"(40.443455200000002, -3.7228135999999998)",,37.03339209529547,"(40.443455200000002, -3.7228135999999998)"
MONCLOA-ARAVACA,CIUDAD UNIVERSITARIA,,MU-11A,438427.6144,4477209.554,-3.726041793823242,40.443260192871094,node/4891499256,40.4433202,-3.7260019,"(40.443320200000002, -3.7260019)",,7.480041132686758,"(40.443320200000002, -3.7260019)"
MONCLOA-ARAVACA,CIUDAD UNIVERSITARIA,"CALLE DEL DOCTOR SEVERO OCHOA,7",50_LTS,438705.1542,4477216.31,-3.7227699756622314,40.44334030151367,node/4891497963,40.4434552,-3.7228136,"(40.443455200000002, -3.7228135999999998)",,13.302545776296883,"(40.443455200000002, -3.7228135999999998)"
MONCLOA-ARAVACA,CIUDAD UNIVERSITARIA,,MU-11A,438468.6142,4477228.553,-3.725560188293457,40.44343185424805,node/4891499256,40.4433202,-3.7260019,"(40.443320200000002, -3.7260019)",,39.39868980832577,"(40.443320200000002, -3.7260019)"
MONCLOA-ARAVACA,CIUDAD UNIVERSITARIA,,MU-11A,438425.6145,4477230.554,-3.726067304611206,40.44344711303711,node/4891499256,40.4433202,-3.7260019,"(40.443320200000002, -3.7260019)",,15.162945395943535,"(40.443320200000002, -3.7260019)"
MONCLOA-ARAVACA,CIUDAD UNIVERSITARIA,,MU-11A,438432.6145,4477247.554,-3.7259864807128906,40.443599700927734,node/4891499256,40.4433202,-3.7260019,"(40.443320200000002, -3.7260019)",,31.115229132020158,"(40.443320200000002, -3.7260019)"
MONCLOA-ARAVACA,CIUDAD UNIVERSITARIA,"PLAZA DE RAMON Y CAJAL,3",120_LTS,438494.2603,4477251.342,-3.725260019302368,40.443641662597656,node/4891506546,40.4433753,-3.7255596,"(40.4433753, -3.7255596)",,38.99754983992914,"(40.4433753, -3.7255596)"
MONCLOA-ARAVACA,CIUDAD UNIVERSITARIA,,MU-11A,438422.6146,4477252.554,-3.726104974746704,40.44364547729492,node/4891499256,40.4433202,-3.7260019,"(40.443320200000002, -3.7260019)",,37.21659108340099,"(40.443320200000002, -3.7260019)"
MONCLOA-ARAVACA,CIUDAD UNIVERSITARIA,,MU-11A,438465.6143,4477252.554,-3.725597858428955,40.44364929199219,node/4891499257,40.4433512,-3.7258068,"(40.443351200000002, -3.7258068)",,37.57807242725686,"(40.443351200000002, -3.7258068)"
MONCLOA-ARAVACA,CIUDAD UNIVERSITARIA,,MU-11A,438414.6147,4477258.554,-3.7261998653411865,40.44369888305664,node/4891499256,40.4433202,-3.7260019,"(40.443320200000002, -3.7260019)",,45.33060227292279,"(40.443320200000002, -3.7260019)"
MONCLOA-ARAVACA,CIUDAD UNIVERSITARIA,,MU-11A,438437.6146,4477261.554,-3.725928783416748,40.443729400634766,node/4891499256,40.4433202,-3.7260019,"(40.443320200000002, -3.7260019)",,45.93274463996331,"(40.443320200000002, -3.7260019)"
MONCLOA-ARAVACA,CIUDAD UNIVERSITARIA,CALLE DEL DOCTOR JUAN PEDRO MORENO GONZALEZ,50_LTS,438707.2591,4477266.247,-3.722749948501587,40.443790435791016,node/4891497963,40.4434552,-3.7228136,"(40.443455200000002, -3.7228135999999998)",,37.67429266128764,"(40.443455200000002, -3.7228135999999998)"
MONCLOA-ARAVACA,CIUDAD UNIVERSITARIA,,MU-11A,438455.6145,4477271.554,-3.725717782974243,40.44382095336914,node/4891506547,40.4434134,-3.725531,"(40.443413399999997, -3.7255310000000001)",,48.00884225834056,"(40.443413399999997, -3.7255310000000001)"
MONCLOA-ARAVACA,CIUDAD UNIVERSITARIA,"PLAZA DE RAMON Y CAJAL,3",120_LTS,438471.5451,4477273.73,-3.725529909133911,40.44384002685547,node/4891506547,40.4434134,-3.725531,"(40.443413399999997, -3.7255310000000001)",,47.452197391103965,"(40.443413399999997, -3.7255310000000001)"
MONCLOA-ARAVACA,CIUDAD UNIVERSITARIA,"CALLE DEL DOCTOR SEVERO OCHOA,7",120_LTS,438697.1279,4477271.88,-3.722870111465454,40.44384002685547,node/4891497963,40.4434552,-3.7228136,"(40.443455200000002, -3.7228135999999998)",,43.06932432210549,"(40.443455200000002, -3.7228135999999998)"
MONCLOA-ARAVACA,CIUDAD UNIVERSITARIA,,MU-14B,438720.6126,4477271.551,-3.722593069076538,40.44384002685547,node/4891497963,40.4434552,-3.7228136,"(40.443455200000002, -3.7228135999999998)",,46.69647229438872,"(40.443455200000002, -3.7228135999999998)"
MONCLOA-ARAVACA,CIUDAD UNIVERSITARIA,,MU-14B,438711.6128,4477305.551,-3.7227025032043457,40.44414520263672,node/4891503436,40.444162,-3.7228073,"(40.444161999999999, -3.7228072999999999)",,9.065395064415398,"(40.444161999999999, -3.7228072999999999)"
MONCLOA-ARAVACA,CIUDAD UNIVERSITARIA,CALLE DEL DOCTOR JUAN PEDRO MORENO GONZALEZ,50_LTS,438700.0627,4477319.589,-3.7228400707244873,40.444271087646484,node/4891503436,40.444162,-3.7228073,"(40.444161999999999, -3.7228072999999999)",,12.446464686216702,"(40.444161999999999, -3.7228072999999999)"
MONCLOA-ARAVACA,CIUDAD UNIVERSITARIA,CALLE DEL DOCTOR JUAN PEDRO MORENO GONZALEZ,50_LTS,438688.3808,4477342.996,-3.72298002243042,40.444480895996094,node/4891503436,40.444162,-3.7228073,"(40.444161999999999, -3.7228072999999999)",,38.36471723598903,"(40.444161999999999, -3.7228072999999999)"
MONCLOA-ARAVACA,CIUDAD UNIVERSITARIA,CALLE DEL DOCTOR JUAN PEDRO MORENO GONZALEZ,50_LTS,438693.7417,4477376.255,-3.7229199409484863,40.44477844238281,node/4891503448,40.445086,-3.7230761,"(40.445086000000003, -3.7230761000000001)",,36.67347999431171,"(40.445086000000003, -3.7230761000000001)"
MONCLOA-ARAVACA,CIUDAD UNIVERSITARIA,"AVENIDA DE GREGORIO DEL AMO,5",50_LTS,438680.382,4477401.896,-3.7230799198150635,40.445011138916016,node/4891503448,40.445086,-3.7230761,"(40.445086000000003, -3.7230761000000001)",,8.332793479059232,"(40.445086000000003, -3.7230761000000001)"
MONCLOA-ARAVACA,CIUDAD UNIVERSITARIA,"AVENIDA DE GREGORIO DEL AMO,5",50_LTS,438686.5454,4477429.597,-3.7230098247528076,40.44525909423828,node/4891503448,40.445086,-3.7230761,"(40.445086000000003, -3.7230761000000001)",,20.053304914628903,"(40.445086000000003, -3.7230761000000001)"
MONCLOA-ARAVACA,CIUDAD UNIVERSITARIA,"AVENIDA DE GREGORIO DEL AMO,7",50_LTS,438627.3556,4477451.174,-3.72370982170105,40.44544982910156,node/4891527538,40.4456244,-3.7233586,"(40.4456244, -3.7233586000000001)",,35.50849293490919,"(40.4456244, -3.7233586000000001)"
MONCLOA-ARAVACA,CIUDAD UNIVERSITARIA,"AVENIDA DE GREGORIO DEL AMO,5",50_LTS,438680.2156,4477485.153,-3.7230899333953857,40.44575881958008,node/4891527538,40.4456244,-3.7233586,"(40.4456244, -3.7233586000000001)",,27.21588913389657,"(40.4456244, -3.7233586000000001)"
MONCLOA-ARAVACA,CIUDAD UNIVERSITARIA,CALLE DEL DOCTOR FERNANDO CASTRO RODRIGUEZ,50_LTS,438579.1891,4477575.897,-3.724289894104004,40.446571350097656,node/4891527233,40.4466503,-3.7246069,"(40.446650300000002, -3.7246068999999999)",,28.233113671245658,"(40.446650300000002, -3.7246068999999999)"
MONCLOA-ARAVACA,CIUDAD UNIVERSITARIA,CALLE DEL DOCTOR FERNANDO CASTRO RODRIGUEZ,50_LTS,438550.3929,4477580.574,-3.724630117416382,40.44660949707031,node/4891527233,40.4466503,-3.7246069,"(40.446650300000002, -3.7246068999999999)",,4.945582629010889,"(40.446650300000002, -3.7246068999999999)"
MONCLOA-ARAVACA,CIUDAD UNIVERSITARIA,"CALLE DE JOSE ANTONIO NOVAIS,4",50_LTS,438544.7209,4477612.812,-3.7246999740600586,40.4468994140625,node/4891527233,40.4466503,-3.7246069,"(40.446650300000002, -3.7246068999999999)",,28.806254269476113,"(40.446650300000002, -3.7246068999999999)"
MONCLOA-ARAVACA,CIUDAD UNIVERSITARIA,"CALLE DE JOSE ANTONIO NOVAIS,4",50_LTS,438557.5231,4477622.698,-3.7245500087738037,40.446990966796875,node/4891527233,40.4466503,-3.7246069,"(40.446650300000002, -3.7246068999999999)",,38.19586333708755,"(40.446650300000002, -3.7246068999999999)"
MONCLOA-ARAVACA,CIUDAD UNIVERSITARIA,"CALLE DE JOSE ANTONIO NOVAIS,4",50_LTS,438538.4469,4477675.028,-3.7247800827026367,40.44746017456055,node/4891527237,40.4473756,-3.7247341,"(40.447375600000001, -3.7247341)",,10.180307874984523,"(40.447375600000001, -3.7247341)"
MONCLOA-ARAVACA,CIUDAD UNIVERSITARIA,"CALLE DE JOSE ANTONIO NOVAIS,8",50_LTS,438554.0116,4477711.533,-3.724600076675415,40.44778823852539,node/4891527237,40.4473756,-3.7247341,"(40.447375600000001, -3.7247341)",,47.277421360291534,"(40.447375600000001, -3.7247341)"
MONCLOA-ARAVACA,CIUDAD UNIVERSITARIA,"CALLE DE JOSE ANTONIO NOVAIS,8",50_LTS,438526.0821,4477718.423,-3.7249300479888916,40.44784927368164,node/4891527238,40.4478033,-3.7245355,"(40.447803299999997, -3.7245355)",,33.784881720444254,"(40.447803299999997, -3.7245355)"
MONCLOA-ARAVACA,CIUDAD UNIVERSITARIA,"CALLE DE JOSE ANTONIO NOVAIS,6",50_LTS,438585.5608,4477732.366,-3.7242300510406494,40.44797897338867,node/4891527238,40.4478033,-3.7245355,"(40.447803299999997, -3.7245355)",,32.407151658330726,"(40.447803299999997, -3.7245355)"
MONCLOA-ARAVACA,CIUDAD UNIVERSITARIA,"CALLE DE JOSE ANTONIO NOVAIS,8",50_LTS,438538.2183,4477750.515,-3.724790096282959,40.44813919067383,node/4891527238,40.4478033,-3.7245355,"(40.447803299999997, -3.7245355)",,43.129447304959164,"(40.447803299999997, -3.7245355)"
MONCLOA-ARAVACA,CIUDAD UNIVERSITARIA,"CALLE DE JOSE ANTONIO NOVAIS,8",50_LTS,438520.6381,4477778.412,-3.7249999046325684,40.44839096069336,node/4891527344,40.44826,-3.7248157,"(40.448259999999998, -3.7248157000000002)",,21.337073206394884,"(40.448259999999998, -3.7248157000000002)"
MONCLOA-ARAVACA,CIUDAD UNIVERSITARIA,"PLAZA DE MENENDEZ PELAYO,1",50_LTS,438187.7778,4477829.995,-3.7289299964904785,40.448829650878906,node/1443235073,40.4490681,-3.7287216,"(40.449068099999998, -3.7287216000000001)",,31.85183803196008,"(40.449068099999998, -3.7287216000000001)"
MONCLOA-ARAVACA,CIUDAD UNIVERSITARIA,"PLAZA DE MENENDEZ PELAYO,1",50_LTS,438173.4261,4477837.884,-3.729099988937378,40.44889831542969,node/1443235073,40.4490681,-3.7287216,"(40.449068099999998, -3.7287216000000001)",,37.18032623798751,"(40.449068099999998, -3.7287216000000001)"
MONCLOA-ARAVACA,CIUDAD UNIVERSITARIA,,MU-14B,438214.6189,4477857.559,-3.728616237640381,40.44908142089844,node/1443235073,40.4490681,-3.7287216,"(40.449068099999998, -3.7287216000000001)",,9.040246048726221,"(40.449068099999998, -3.7287216000000001)"
MONCLOA-ARAVACA,CIUDAD UNIVERSITARIA,"AVENIDA COMPLUTENSE,14",50_LTS,438340.837,4477879.797,-3.7271299362182617,40.44929122924805,node/4124377978,40.4496718,-3.7269179,"(40.449671799999997, -3.7269179000000001)",,45.97689266095904,"(40.449671799999997, -3.7269179000000001)"
MONCLOA-ARAVACA,CIUDAD UNIVERSITARIA,"PLAZA DE MENENDEZ PELAYO,1",50_LTS,438181.4337,4477883.331,-3.7290101051330566,40.449310302734375,node/1443235073,40.4490681,-3.7287216,"(40.449068099999998, -3.7287216000000001)",,36.35977500719998,"(40.449068099999998, -3.7287216000000001)"
MONCLOA-ARAVACA,CIUDAD UNIVERSITARIA,"PLAZA DE LAS CIENCIAS,3",50_LTS,438385.0511,4477893.864,-3.726609945297241,40.44942092895508,node/4124377975,40.4496173,-3.7266667,"(40.4496173, -3.7266667)",,22.363637619965267,"(40.4496173, -3.7266667)"
MONCLOA-ARAVACA,CIUDAD UNIVERSITARIA,"AVENIDA COMPLUTENSE,14",50_LTS,438330.8257,4477899.861,-3.72724986076355,40.44947052001953,node/4123920554,40.4498134,-3.7270559,"(40.449813399999996, -3.7270558999999999)",,41.52067570939304,"(40.449813399999996, -3.7270558999999999)"
MONCLOA-ARAVACA,CIUDAD UNIVERSITARIA,"AVENIDA COMPLUTENSE,14",50_LTS,438313.2558,4477928.867,-3.7274599075317383,40.449729919433594,node/4123920554,40.4498134,-3.7270559,"(40.449813399999996, -3.7270558999999999)",,35.433573352187324,"(40.449813399999996, -3.7270558999999999)"
MONCLOA-ARAVACA,CIUDAD UNIVERSITARIA,"PLAZA DE LAS CIENCIAS,2",50_LTS,438489.6633,4477930.747,-3.7253799438476562,40.44976043701172,node/4123920574,40.4500894,-3.7257633,"(40.450089400000003, -3.7257633000000001)",,48.90407545703292,"(40.450089400000003, -3.7257633000000001)"
MONCLOA-ARAVACA,CIUDAD UNIVERSITARIA,,MU-14B,438326.6188,4477996.558,-3.727308988571167,40.450340270996094,node/4123920558,40.4499777,-3.7270879,"(40.449977699999998, -3.7270878999999999)",,44.45754844891113,"(40.449977699999998, -3.7270878999999999)"
MONCLOA-ARAVACA,CIUDAD UNIVERSITARIA,"PLAZA DE LAS CIENCIAS,2",50_LTS,438479.3144,4478012.977,-3.7255101203918457,40.45050048828125,node/4123920578,40.4502216,-3.7257878,"(40.450221599999999, -3.7257878)",,38.91784917850564,"(40.450221599999999, -3.7257878)"
MONCLOA-ARAVACA,CIUDAD UNIVERSITARIA,"PLAZA DE LAS CIENCIAS,2",50_LTS,438428.5547,4478027.826,-3.7261099815368652,40.45063018798828,node/4123920579,40.4502378,-3.7260916,"(40.450237799999996, -3.7260916000000002)",,43.67156824605373,"(40.450237799999996, -3.7260916000000002)"
TETUÁN,VALDEACEDERAS,"CALLE DEL MARQUES DE VIANA,24",50_LTS_EX,440548.5475,4479300.599,-3.701230049133301,40.462249755859375,node/4635304579,40.4622723,-3.7017435,"(40.462272300000002, -3.7017435000000001)",,43.52290250385445,"(40.462272300000002, -3.7017435000000001)"
TETUÁN,BERRUGUETE,"CALLE DEL MARQUES DE VIANA,45",50_LTS,440490.1535,4479314.384,-3.7019200325012207,40.462371826171875,node/4635304579,40.4622723,-3.7017435,"(40.462272300000002, -3.7017435000000001)",,18.59345729726968,"(40.462272300000002, -3.7017435000000001)"
TETUÁN,VALDEACEDERAS,"CALLE DEL MARQUES DE VIANA,32",50_LTS,440510.5719,4479323.102,-3.7016799449920654,40.46244812011719,node/4635304579,40.4622723,-3.7017435,"(40.462272300000002, -3.7017435000000001)",,20.281915306994044,"(40.462272300000002, -3.7017435000000001)"
TETUÁN,BERRUGUETE,"CALLE DEL MARQUES DE VIANA,49",50_LTS,440458.0864,4479333.51,-3.7023000717163086,40.46253967285156,node/4635304584,40.4628193,-3.7027397,"(40.4628193, -3.7027397)",,48.49126270987509,"(40.4628193, -3.7027397)"
TETUÁN,VALDEACEDERAS,"CALLE DEL MARQUES DE VIANA,38",50_LTS,440485.2784,4479341.065,-3.7019801139831543,40.462608337402344,node/4635304579,40.4622723,-3.7017435,"(40.462272300000002, -3.7017435000000001)",,42.40179927461605,"(40.462272300000002, -3.7017435000000001)"
TETUÁN,BERRUGUETE,"CALLE DEL MARQUES DE VIANA,57",50_LTS,440423.5378,4479360.427,-3.702709913253784,40.4627799987793,node/4635304584,40.4628193,-3.7027397,"(40.4628193, -3.7027397)",,5.046018142676189,"(40.4628193, -3.7027397)"
TETUÁN,VALDEACEDERAS,"CALLE DEL MARQUES DE VIANA,44",50_LTS,440454.9512,4479365.727,-3.7023398876190186,40.46282958984375,node/4635304584,40.4628193,-3.7027397,"(40.4628193, -3.7027397)",,33.853058791766,"(40.4628193, -3.7027397)"
TETUÁN,BERRUGUETE,"CALLE DEL MARQUES DE VIANA,69",50_LTS,440394.0234,4479380.643,-3.7030599117279053,40.46295928955078,node/4635304584,40.4628193,-3.7027397,"(40.4628193, -3.7027397)",,31.252496626138182,"(40.4628193, -3.7027397)"
TETUÁN,VALDEACEDERAS,"CALLE DEL MARQUES DE VIANA,56",50_LTS_EX,440419.5373,4479390.431,-3.7027599811553955,40.463050842285156,node/4635304584,40.4628193,-3.7027397,"(40.4628193, -3.7027397)",,25.810705719416514,"(40.4628193, -3.7027397)"
TETUÁN,BERRUGUETE,"CALLE DEL MARQUES DE VIANA,73",50_LTS_EX,440367.9091,4479401.943,-3.7033700942993164,40.46315002441406,node/4635304585,40.4631306,-3.7030671,"(40.4631306, -3.7030671000000002)",,25.73131945531791,"(40.4631306, -3.7030671000000002)"
TETUÁN,BERRUGUETE,"CALLE DE RUIZ PALACIOS,43",50_LTS,440352.7193,4479410.944,-3.703550100326538,40.46323013305664,node/4635304585,40.4631306,-3.7030671,"(40.4631306, -3.7030671000000002)",,42.345924033512944,"(40.4631306, -3.7030671000000002)"
TETUÁN,BERRUGUETE,"CALLE DEL MARQUES DE VIANA,77",50_LTS,440330.7558,4479421.11,-3.703809976577759,40.463321685791016,node/4635304586,40.4631965,-3.7034511,"(40.463196500000002, -3.7034511000000001)",,33.409195522064266,"(40.463196500000002, -3.7034511000000001)"
TETUÁN,VALDEACEDERAS,"CALLE DEL MARQUES DE VIANA,58",120_LTS,440379.9377,4479421.828,-3.7032299041748047,40.46332931518555,node/4635304585,40.4631306,-3.7030671,"(40.4631306, -3.7030671000000002)",,26.044592969903206,"(40.4631306, -3.7030671000000002)"
TETUÁN,VALDEACEDERAS,"CALLE DEL MARQUES DE VIANA,60",50_LTS,440348.6749,4479435.398,-3.7036001682281494,40.46345138549805,node/4635304586,40.4631965,-3.7034511,"(40.463196500000002, -3.7034511000000001)",,31.029817819432775,"(40.463196500000002, -3.7034511000000001)"
TETUÁN,BERRUGUETE,"CALLE DEL MARQUES DE VIANA,85",50_LTS,440300.4295,4479445.774,-3.704169988632202,40.463539123535156,node/4635304588,40.4634089,-3.7038467,"(40.463408899999997, -3.7038467000000002)",,30.95541921700965,"(40.463408899999997, -3.7038467000000002)"
TETUÁN,VALDEACEDERAS,"CALLE DEL MARQUES DE VIANA,66",50_LTS,440322.5167,4479451.148,-3.7039101123809814,40.46358871459961,node/4635304588,40.4634089,-3.7038467,"(40.463408899999997, -3.7038467000000002)",,20.707481239481083,"(40.463408899999997, -3.7038467000000002)"
TETUÁN,BERRUGUETE,"CALLE DE BELLVER,36",50_LTS,440260.742,4479466.072,-3.7046399116516113,40.46371841430664,node/4635305090,40.4635937,-3.7042219,"(40.463593699999997, -3.7042218999999998)",,37.99596656251707,"(40.463593699999997, -3.7042218999999998)"
TETUÁN,VALDEACEDERAS,"CALLE DEL MARQUES DE VIANA,70",50_LTS_EX,440285.3726,4479471.425,-3.704349994659424,40.46377182006836,node/4635305090,40.4635937,-3.7042219,"(40.463593699999997, -3.7042218999999998)",,22.58319171139366,"(40.463593699999997, -3.7042218999999998)"
TETUÁN,BERRUGUETE,"CALLE DEL MARQUES DE VIANA,95",50_LTS,440240.4744,4479476.224,-3.7048799991607666,40.463809967041016,node/4635305091,40.4637981,-3.7044324,"(40.463798099999998, -3.7044324)",,37.90005199999248,"(40.463798099999998, -3.7044324)"
TETUÁN,VALDEACEDERAS,"CALLE DEL MARQUES DE VIANA,76",50_LTS,440251.5933,4479488.346,-3.7047500610351562,40.46392059326172,node/4635305091,40.4637981,-3.7044324,"(40.463798099999998, -3.7044324)",,30.136879075165563,"(40.463798099999998, -3.7044324)"
TETUÁN,VALDEACEDERAS,"CALLE DEL MARQUES DE VIANA,103",50_LTS_EX,440179.5922,4479496.692,-3.7056000232696533,40.4639892578125,node/4632741931,40.4643634,-3.7055831,"(40.464363400000003, -3.7055831000000001)",,41.6390684854844,"(40.464363400000003, -3.7055831000000001)"
TETUÁN,VALDEACEDERAS,"CALLE DEL MARQUES DE VIANA,84",50_LTS,440153.3725,4479504.672,-3.7059099674224854,40.46406173706055,node/4632741931,40.4643634,-3.7055831,"(40.464363400000003, -3.7055831000000001)",,43.48427420697882,"(40.464363400000003, -3.7055831000000001)"
TETUÁN,VALDEACEDERAS,"CALLE DEL MARQUES DE VIANA,88",50_LTS,440131.4007,4479513.728,-3.706170082092285,40.464141845703125,node/4635305104,40.4641956,-3.7057211,"(40.464195599999996, -3.7057210999999999)",,38.46143759563882,"(40.464195599999996, -3.7057210999999999)"
TETUÁN,VALDEACEDERAS,"PASEO DE LA DIRECCION,156",50_LTS,440196.7522,4479522.086,-3.705399990081787,40.46421813964844,node/4632741931,40.4643634,-3.7055831,"(40.464363400000003, -3.7055831000000001)",,22.386171306351336,"(40.464363400000003, -3.7055831000000001)"
TETUÁN,VALDEACEDERAS,"CALLE DEL MARQUES DE VIANA,84",50_LTS,440167.9803,4479528.977,-3.705739974975586,40.46427917480469,node/4632741931,40.4643634,-3.7055831,"(40.464363400000003, -3.7055831000000001)",,16.247717367849226,"(40.464363400000003, -3.7055831000000001)"
TETUÁN,VALDEACEDERAS,"CALLE DEL MARQUES DE VIANA,88",50_LTS_EX,440134.9961,4479539.231,-3.706130027770996,40.46437072753906,node/4632741931,40.4643634,-3.7055831,"(40.464363400000003, -3.7055831000000001)",,46.2893060855716,"(40.464363400000003, -3.7055831000000001)"
TETUÁN,VALDEACEDERAS,"CALLE DEL MARQUES DE VIANA,90",50_LTS,440128.2581,4479544.836,-3.706209897994995,40.464420318603516,node/4632741935,40.4647085,-3.705757,"(40.4647085, -3.7057570000000002)",,49.962228521559,"(40.4647085, -3.7057570000000002)"
TETUÁN,VALDEACEDERAS,"PASEO DE LA DIRECCION,160",50_LTS,440183.4891,4479559.935,-3.7055599689483643,40.464561462402344,node/4632741931,40.4643634,-3.7055831,"(40.464363400000003, -3.7055831000000001)",,22.116527845888434,"(40.464363400000003, -3.7055831000000001)"
TETUÁN,VALDEACEDERAS,"PASEO DE LA DIRECCION,176",50_LTS,440114.2097,4479590.461,-3.7063798904418945,40.46482849121094,node/4632741937,40.4649866,-3.7065097,"(40.464986600000003, -3.7065096999999998)",,20.734627619610038,"(40.464986600000003, -3.7065096999999998)"
TETUÁN,VALDEACEDERAS,"PASEO DE LA DIRECCION,172",50_LTS_EX,440151.6013,4479601.263,-3.705940008163452,40.46493148803711,node/4632741935,40.4647085,-3.705757,"(40.4647085, -3.7057570000000002)",,29.239945807670118,"(40.4647085, -3.7057570000000002)"
TETUÁN,VALDEACEDERAS,"CALLE DEL ALIGUSTRE,1",50_LTS_EX,440054.9977,4479607.586,-3.7070798873901367,40.46498107910156,node/4619376479,40.4651024,-3.7072769,"(40.465102399999999, -3.7072769000000001)",,21.44823320715754,"(40.465102399999999, -3.7072769000000001)"
TETUÁN,VALDEACEDERAS,"CALLE DEL CRISANTEMO,7",50_LTS,440109.6648,4479658.212,-3.7064402103424072,40.46543884277344,node/4632741940,40.4650425,-3.7065122,"(40.465042500000003, -3.7065122000000001)",,44.50264027610204,"(40.465042500000003, -3.7065122000000001)"
MONCLOA-ARAVACA,VALDEZARZA,"CALLE DE ANTONIO MACHADO,12",50_LTS,439111.6258,4479746.191,-3.7182199954986572,40.46615982055664,node/3786662084,40.4665284,-3.71855,"(40.466528400000001, -3.71855)",,49.60286432139779,"(40.466528400000001, -3.71855)"
MONCLOA-ARAVACA,VALDEZARZA,"CALLE DE SERAFIN RAMIREZ,25",50_LTS,439490.6529,4479751.997,-3.713749885559082,40.46623992919922,node/4737191245,40.4663708,-3.714204,"(40.4663708, -3.7142040000000001)",,41.09156888523996,"(40.4663708, -3.7142040000000001)"
MONCLOA-ARAVACA,VALDEZARZA,"CALLE DE EMERENCIANA ZURILLA,32",50_LTS,439459.3751,4479763.351,-3.7141199111938477,40.466339111328125,node/4737191245,40.4663708,-3.714204,"(40.4663708, -3.7142040000000001)",,7.940654654942232,"(40.4663708, -3.7142040000000001)"
MONCLOA-ARAVACA,VALDEZARZA,"C · CALLE SINESIO DELGADO , ASCENDIENTE 1: 094 ·",,439123.488,4479770.317,-3.7180824279785156,40.46637725830078,node/3786662084,40.4665284,-3.71855,"(40.466528400000001, -3.71855)",,42.988934975443456,"(40.466528400000001, -3.71855)"
MONCLOA-ARAVACA,VALDEZARZA,"C · CALLE SINESIO DELGADO , ASCENDIENTE 1: 094 ·",,439123.488,4479770.317,-3.7180824279785156,40.46637725830078,node/3786662084,40.4665284,-3.71855,"(40.466528400000001, -3.71855)",,42.988934975443456,"(40.466528400000001, -3.71855)"
MONCLOA-ARAVACA,VALDEZARZA,"C · CALLE SINESIO DELGADO , ASCENDIENTE 1: 094 ·",,439123.488,4479770.317,-3.7180824279785156,40.46637725830078,node/3786662084,40.4665284,-3.71855,"(40.466528400000001, -3.71855)",,42.988934975443456,"(40.466528400000001, -3.71855)"
MONCLOA-ARAVACA,VALDEZARZA,"C · CALLE SINESIO DELGADO , ASCENDIENTE 1: 094 ·",,439123.488,4479770.317,-3.7180824279785156,40.46637725830078,node/3786662084,40.4665284,-3.71855,"(40.466528400000001, -3.71855)",,42.988934975443456,"(40.466528400000001, -3.71855)"
MONCLOA-ARAVACA,VALDEZARZA,"C · CALLE SINESIO DELGADO , ASCENDIENTE 1: 094 ·",,439123.488,4479770.317,-3.7180824279785156,40.46637725830078,node/3786662084,40.4665284,-3.71855,"(40.466528400000001, -3.71855)",,42.988934975443456,"(40.466528400000001, -3.71855)"
MONCLOA-ARAVACA,VALDEZARZA,"C · CALLE SINESIO DELGADO , ASCENDIENTE 1: 094 ·",,439123.488,4479770.317,-3.7180824279785156,40.46637725830078,node/3786662084,40.4665284,-3.71855,"(40.466528400000001, -3.71855)",,42.988934975443456,"(40.466528400000001, -3.71855)"
MONCLOA-ARAVACA,VALDEZARZA,"C · CALLE SINESIO DELGADO , ASCENDIENTE 1: 094 ·",,439123.488,4479770.317,-3.7180824279785156,40.46637725830078,node/3786662084,40.4665284,-3.71855,"(40.466528400000001, -3.71855)",,42.988934975443456,"(40.466528400000001, -3.71855)"
MONCLOA-ARAVACA,VALDEZARZA,"C · CALLE SINESIO DELGADO , ASCENDIENTE 1: 094 ·",,439123.488,4479770.317,-3.7180824279785156,40.46637725830078,node/3786662084,40.4665284,-3.71855,"(40.466528400000001, -3.71855)",,42.988934975443456,"(40.466528400000001, -3.71855)"
MONCLOA-ARAVACA,VALDEZARZA,,MU-11A,439078.6222,4479787.557,-3.718613386154175,40.466529846191406,node/3786662084,40.4665284,-3.71855,"(40.466528400000001, -3.71855)",,5.366102922757871,"(40.466528400000001, -3.71855)"
MONCLOA-ARAVACA,VALDEZARZA,,MU-11A,439071.6222,4479798.557,-3.7186968326568604,40.46662902832031,node/3786662084,40.4665284,-3.71855,"(40.466528400000001, -3.71855)",,16.722727365318445,"(40.466528400000001, -3.71855)"
MONCLOA-ARAVACA,VALDEZARZA,,MU-11A,439083.6222,4479803.557,-3.7185556888580322,40.4666748046875,node/3786662084,40.4665284,-3.71855,"(40.466528400000001, -3.71855)",,16.29115893692452,"(40.466528400000001, -3.71855)"
MONCLOA-ARAVACA,VALDEZARZA,"CALLE DE VALDERREY,49",50_LTS,439087.6818,4479825.201,-3.7185099124908447,40.46686935424805,node/3786662084,40.4665284,-3.71855,"(40.466528400000001, -3.71855)",,38.07447446233833,"(40.466528400000001, -3.71855)"
TETUÁN,VALDEACEDERAS,,MU-11A,439923.6068,4479822.458,-3.7086501121520996,40.4669075012207,node/4619376488,40.4668522,-3.7083609,"(40.466852199999998, -3.7083609000000002)",,25.23394709386424,"(40.466852199999998, -3.7083609000000002)"
TETUÁN,VALDEACEDERAS,,MU-11A,439921.6069,4479833.458,-3.708674669265747,40.46700668334961,node/4619376488,40.4668522,-3.7083609,"(40.466852199999998, -3.7083609000000002)",,31.625710169825545,"(40.466852199999998, -3.7083609000000002)"
TETUÁN,VALDEACEDERAS,,MU-11A,439915.607,4479842.458,-3.7087461948394775,40.46708679199219,node/4619376488,40.4668522,-3.7083609,"(40.466852199999998, -3.7083609000000002)",,41.75882962047764,"(40.466852199999998, -3.7083609000000002)"
TETUÁN,VALDEACEDERAS,,MU-11A,439926.6069,4479843.458,-3.7086164951324463,40.46709442138672,node/4619376488,40.4668522,-3.7083609,"(40.466852199999998, -3.7083609000000002)",,34.54872081356676,"(40.466852199999998, -3.7083609000000002)"
TETUÁN,VALDEACEDERAS,,MU-11A,439935.6068,4479845.458,-3.708510637283325,40.46711349487305,node/4619376488,40.4668522,-3.7083609,"(40.466852199999998, -3.7083609000000002)",,31.70477558133751,"(40.466852199999998, -3.7083609000000002)"
TETUÁN,VALDEACEDERAS,,MU-11A,439919.607,4479851.458,-3.708699941635132,40.467166900634766,node/4619376488,40.4668522,-3.7083609,"(40.466852199999998, -3.7083609000000002)",,45.25794570346249,"(40.466852199999998, -3.7083609000000002)"
TETUÁN,VALDEACEDERAS,"CALLE DEL CAPITAN BLANCO ARGIBAY,153",50_LTS,440009.3342,4479939.865,-3.7076501846313477,40.46797180175781,node/4619377196,40.4676821,-3.7080058,"(40.467682099999998, -3.7080058)",,44.08825746015651,"(40.467682099999998, -3.7080058)"
TETUÁN,VALDEACEDERAS,,MU-11B,439831.3591,4480161.591,-3.7097702026367188,40.46995544433594,node/4608256801,40.4701691,-3.7101935,"(40.4701691, -3.7101934999999999)",,42.98381060442855,"(40.4701691, -3.7101934999999999)"
TETUÁN,VALDEACEDERAS,,MU-11B,439820.9693,4480183.391,-3.709894895553589,40.470149993896484,node/4608256801,40.4701691,-3.7101935,"(40.4701691, -3.7101934999999999)",,25.355542477849706,"(40.4701691, -3.7101934999999999)"
TETUÁN,VALDEACEDERAS,,MU-14B,439691.6101,4480185.462,-3.711421012878418,40.470157623291016,node/3273214343,40.4703879,-3.711888,"(40.470387899999999, -3.7118880000000001)",,47.088915666592015,"(40.470387899999999, -3.7118880000000001)"
TETUÁN,VALDEACEDERAS,,MU-11A,439811.0094,4480184.601,-3.710012435913086,40.47016143798828,node/4608256801,40.4701691,-3.7101935,"(40.4701691, -3.7101934999999999)",,15.344369420030233,"(40.4701691, -3.7101934999999999)"
TETUÁN,VALDEACEDERAS,,MU-11A,439756.7798,4480195.772,-3.710653305053711,40.47025680541992,node/4608256801,40.4701691,-3.7101935,"(40.4701691, -3.7101934999999999)",,40.11058069875418,"(40.4701691, -3.7101934999999999)"
TETUÁN,VALDEACEDERAS,,MU-11A,439785.7796,4480198.501,-3.7103114128112793,40.47028350830078,node/4608256801,40.4701691,-3.7101935,"(40.4701691, -3.7101934999999999)",,16.17017003963316,"(40.4701691, -3.7101934999999999)"
MONCLOA-ARAVACA,VALDEZARZA,"CALLE DE VALDERRODRIGO,55",50_LTS,439132.3373,4480207.816,-3.718019962310791,40.47032165527344,node/4309925741,40.4705569,-3.7183028,"(40.470556899999998, -3.7183028)",,35.45947769085801,"(40.470556899999998, -3.7183028)"
TETUÁN,VALDEACEDERAS,,MU-11A,439828.7493,4480202.441,-3.7098050117492676,40.47032165527344,node/4608256801,40.4701691,-3.7101935,"(40.4701691, -3.7101934999999999)",,36.992867025160265,"(40.4701691, -3.7101934999999999)"
TETUÁN,VALDEACEDERAS,"CALLE DE SINESIO DELGADO,64",50_LTS_EX,439691.9235,4480214.385,-3.7114200592041016,40.470420837402344,node/3273214343,40.4703879,-3.711888,"(40.470387899999999, -3.7118880000000001)",,39.76365668546734,"(40.470387899999999, -3.7118880000000001)"
TETUÁN,VALDEACEDERAS,"CALLE DE SINESIO DELGADO,64",50_LTS,439658.8892,4480217.982,-3.7118101119995117,40.47045135498047,node/3273214343,40.4703879,-3.711888,"(40.470387899999999, -3.7118880000000001)",,9.656467258362722,"(40.470387899999999, -3.7118880000000001)"
MONCLOA-ARAVACA,VALDEZARZA,,MU-11A,439123.624,4480227.559,-3.7181246280670166,40.470497131347656,node/4309925741,40.4705569,-3.7183028,"(40.470556899999998, -3.7183028)",,16.476533043219103,"(40.470556899999998, -3.7183028)"
FUENCARRAL-EL PARDO,PEÑAGRANDE,"CALLE DE VALDERRODRIGO,55",50_LTS,439138.4428,4480228.857,-3.7179501056671143,40.47050857543945,node/4309925741,40.4705569,-3.7183028,"(40.470556899999998, -3.7183028)",,30.323139569452508,"(40.470556899999998, -3.7183028)"
MONCLOA-ARAVACA,VALDEZARZA,,MU-11A,439070.6244,4480244.559,-3.7187514305114746,40.470645904541016,node/4309925741,40.4705569,-3.7183028,"(40.470556899999998, -3.7183028)",,39.23011655560641,"(40.470556899999998, -3.7183028)"
FUENCARRAL-EL PARDO,PEÑAGRANDE,"CALLE DE CANDIDO MATEOS,2",50_LTS,439148.8592,4480258.745,-3.717829942703247,40.47077941894531,node/4309925741,40.4705569,-3.7183028,"(40.470556899999998, -3.7183028)",,47.04668729967562,"(40.470556899999998, -3.7183028)"
MONCLOA-ARAVACA,VALDEZARZA,"CALLE DE VALDERROMAN,48",50_LTS,438799.8995,4480298.223,-3.721950054168701,40.47111129760742,node/4416327922,40.4714646,-3.7216527,"(40.471464599999997, -3.7216526999999999)",,46.66097441197548,"(40.471464599999997, -3.7216526999999999)"
MONCLOA-ARAVACA,VALDEZARZA,"CALLE DEL VALLE DE MENA,35",50_LTS,438854.1803,4480301.11,-3.7213099002838135,40.47114181518555,node/4416327922,40.4714646,-3.7216527,"(40.471464599999997, -3.7216526999999999)",,46.15493206870494,"(40.471464599999997, -3.7216526999999999)"
FUENCARRAL-EL PARDO,PEÑAGRANDE,,MU-11A,438849.6262,4480324.562,-3.7213659286499023,40.471351623535156,node/4416327922,40.4714646,-3.7216527,"(40.471464599999997, -3.7216526999999999)",,27.32535709954071,"(40.471464599999997, -3.7216526999999999)"
MONCLOA-ARAVACA,VALDEZARZA,"CALLE DE VALDERROMAN,48",50_LTS,438792.488,4480324.926,-3.7220399379730225,40.471351623535156,node/4416327922,40.4714646,-3.7216527,"(40.471464599999997, -3.7216526999999999)",,35.09239233914879,"(40.471464599999997, -3.7216526999999999)"
FUENCARRAL-EL PARDO,PEÑAGRANDE,,MU-11A,438794.6266,4480341.563,-3.7220163345336914,40.471500396728516,node/4416327922,40.4714646,-3.7216527,"(40.471464599999997, -3.7216526999999999)",,31.024771461099984,"(40.471464599999997, -3.7216526999999999)"
FUENCARRAL-EL PARDO,PEÑAGRANDE,,MU-11A,438858.5412,4480350.334,-3.7212634086608887,40.47158432006836,node/4416327922,40.4714646,-3.7216527,"(40.471464599999997, -3.7216526999999999)",,35.52887623203967,"(40.471464599999997, -3.7216526999999999)"
FUENCARRAL-EL PARDO,PEÑAGRANDE,"CALLE DE VALDERROMAN,48",50_LTS_EX,438810.5985,4480362.521,-3.721829891204834,40.4716911315918,node/4416327922,40.4714646,-3.7216527,"(40.471464599999997, -3.7216526999999999)",,29.319475101017446,"(40.471464599999997, -3.7216526999999999)"
FUENCARRAL-EL PARDO,PEÑAGRANDE,,MU-11A,438840.0203,4480367.797,-3.7214834690093994,40.47174072265625,node/4416327922,40.4714646,-3.7216527,"(40.471464599999997, -3.7216526999999999)",,33.88612916974484,"(40.471464599999997, -3.7216526999999999)"
FUENCARRAL-EL PARDO,PEÑAGRANDE,,MU-11A,438792.2629,4480372.559,-3.7220473289489746,40.471778869628906,node/4416327922,40.4714646,-3.7216527,"(40.471464599999997, -3.7216526999999999)",,48.34038260398676,"(40.471464599999997, -3.7216526999999999)"
FUENCARRAL-EL PARDO,PEÑAGRANDE,,MU-11A,438815.8109,4480382.349,-3.7217702865600586,40.47187042236328,node/4416327922,40.4714646,-3.7216527,"(40.471464599999997, -3.7216526999999999)",,46.22161187433735,"(40.471464599999997, -3.7216526999999999)"
TETUÁN,ALMENARA,,MU-11B,440754.6045,4480416.451,-3.698904037475586,40.47231674194336,node/3960252701,40.4726023,-3.699358,"(40.472602299999998, -3.6993580000000001)",,49.841449684479,"(40.472602299999998, -3.6993580000000001)"
TETUÁN,ALMENARA,"CALLE DE LA VIA LIMITE,16",50_LTS_EX,440749.006,4480416.855,-3.698970079421997,40.472320556640625,node/3960252701,40.4726023,-3.699358,"(40.472602299999998, -3.6993580000000001)",,45.380074255532335,"(40.472602299999998, -3.6993580000000001)"
TETUÁN,ALMENARA,"PASEO DE LA DIRECCION,380",50_LTS_EX,440655.8738,4480432.024,-3.7000699043273926,40.472450256347656,node/3961357669,40.47283,-3.6999824,"(40.472830000000002, -3.6999824000000001)",,42.881474407585706,"(40.472830000000002, -3.6999824000000001)"
TETUÁN,ALMENARA,"AVENIDA DE ASTURIAS,70",50_LTS,440693.3484,4480453.928,-3.69963002204895,40.47264862060547,node/3960252701,40.4726023,-3.699358,"(40.472602299999998, -3.6993580000000001)",,23.58580834558994,"(40.472602299999998, -3.6993580000000001)"
TETUÁN,ALMENARA,"AVENIDA DE ASTURIAS,70",50_LTS,440673.8515,4480454.083,-3.699860095977783,40.47264862060547,node/3960252701,40.4726023,-3.699358,"(40.472602299999998, -3.6993580000000001)",,42.794413072108654,"(40.472602299999998, -3.6993580000000001)"
TETUÁN,ALMENARA,,MU-14A,440618.6056,4480455.453,-3.7005116939544678,40.472660064697266,node/3961357669,40.47283,-3.6999824,"(40.472830000000002, -3.6999824000000001)",,48.60961337680896,"(40.472830000000002, -3.6999824000000001)"
TETUÁN,ALMENARA,,MU-11A,440706.605,4480456.452,-3.6994738578796387,40.47267532348633,node/3960252701,40.4726023,-3.699358,"(40.472602299999998, -3.6993580000000001)",,12.730523028173723,"(40.472602299999998, -3.6993580000000001)"
TETUÁN,ALMENARA,"PASEO DE LA DIRECCION,335",50_LTS,440612.0756,4480467.894,-3.700589895248413,40.47277069091797,node/3961357675,40.4729486,-3.7001957,"(40.472948600000002, -3.7001957000000001)",,38.78168616755663,"(40.472948600000002, -3.7001957000000001)"
TETUÁN,ALMENARA,,MU-11A,440658.6054,4480471.453,-3.7000412940979004,40.47280502319336,node/3961357669,40.47283,-3.6999824,"(40.472830000000002, -3.6999824000000001)",,5.705181652006378,"(40.472830000000002, -3.6999824000000001)"
TETUÁN,ALMENARA,,MU-11A,440711.6051,4480472.452,-3.699416399002075,40.472816467285156,node/3960252701,40.4726023,-3.699358,"(40.472602299999998, -3.6993580000000001)",,24.328110642305266,"(40.472602299999998, -3.6993580000000001)"
TETUÁN,ALMENARA,,MU-11A,440668.6054,4480482.453,-3.6999244689941406,40.472904205322266,node/3961357669,40.47283,-3.6999824,"(40.472830000000002, -3.6999824000000001)",,9.59934605301911,"(40.472830000000002, -3.6999824000000001)"
TETUÁN,ALMENARA,,MU-11A,440641.6056,4480486.453,-3.7002432346343994,40.472938537597656,node/3961357669,40.47283,-3.6999824,"(40.472830000000002, -3.6999824000000001)",,25.155594670773187,"(40.472830000000002, -3.6999824000000001)"
TETUÁN,ALMENARA,,MU-11A,440657.6055,4480486.453,-3.70005464553833,40.472938537597656,node/3961357669,40.47283,-3.6999824,"(40.472830000000002, -3.6999824000000001)",,13.53162685234947,"(40.472830000000002, -3.6999824000000001)"
TETUÁN,ALMENARA,,MU-14A,440678.6054,4480492.452,-3.6998074054718018,40.47299575805664,node/3961357669,40.47283,-3.6999824,"(40.472830000000002, -3.6999824000000001)",,23.64619616990898,"(40.472830000000002, -3.6999824000000001)"
TETUÁN,ALMENARA,,MU-11A,440665.6055,4480494.453,-3.699960947036743,40.47301483154297,node/3961357669,40.47283,-3.6999824,"(40.472830000000002, -3.6999824000000001)",,20.638098894754826,"(40.472830000000002, -3.6999824000000001)"
TETUÁN,ALMENARA,,MU-11A,440656.9956,4480500.883,-3.7000632286071777,40.47307205200195,node/3961357669,40.47283,-3.6999824,"(40.472830000000002, -3.6999824000000001)",,27.777599536070515,"(40.472830000000002, -3.6999824000000001)"
TETUÁN,ALMENARA,,MU-14A,440639.6057,4480501.453,-3.700268268585205,40.47307586669922,node/3961357669,40.47283,-3.6999824,"(40.472830000000002, -3.6999824000000001)",,36.50881084433965,"(40.472830000000002, -3.6999824000000001)"
TETUÁN,ALMENARA,,MU-11A,440681.6454,4480502.042,-3.699772596359253,40.47308349609375,node/3961357669,40.47283,-3.6999824,"(40.472830000000002, -3.6999824000000001)",,33.31825213451486,"(40.472830000000002, -3.6999824000000001)"
TETUÁN,ALMENARA,"Av · AVENIDA ASTURIAS , ASCENDIENTE 1: 064 · ALME",,440682.8045,4480508.155,-3.6997594833374023,40.47313690185547,node/3961357669,40.47283,-3.6999824,"(40.472830000000002, -3.6999824000000001)",,38.99976471304147,"(40.472830000000002, -3.6999824000000001)"
TETUÁN,ALMENARA,"CALLE DE SINESIO DELGADO,15",50_LTS,440615.7923,4480508.937,-3.700550079345703,40.473140716552734,node/3961357675,40.4729486,-3.7001957,"(40.472948600000002, -3.7001957000000001)",,36.819480858781006,"(40.472948600000002, -3.7001957000000001)"
HORTALEZA,PINAR DEL REY,FRENTE FACHADA,MU-11B,445063.4606,4480480.238,-3.6480820178985596,40.47318649291992,node/1252641375,40.4735736,-3.6482154,"(40.473573600000002, -3.6482154000000002)",,44.510934315421906,"(40.473573600000002, -3.6482154000000002)"
HORTALEZA,PINAR DEL REY,"CALLE DEL MAR CASPIO,2",50_LTS,445033.9959,4480484.056,-3.648430109024048,40.47322082519531,node/1252641375,40.4735736,-3.6482154,"(40.473573600000002, -3.6482154000000002)",,43.239268825589974,"(40.473573600000002, -3.6482154000000002)"
TETUÁN,ALMENARA,,MU-14A,440646.6058,4480519.453,-3.7001874446868896,40.473236083984375,node/3961357669,40.47283,-3.6999824,"(40.472830000000002, -3.6999824000000001)",,48.384561395827944,"(40.472830000000002, -3.6999824000000001)"
HORTALEZA,PINAR DEL REY,"CALLE DEL MAR CASPIO,1",50_LTS,445015.4366,4480496.403,-3.6486499309539795,40.473331451416016,node/1252641375,40.4735736,-3.6482154,"(40.473573600000002, -3.6482154000000002)",,45.57558343947751,"(40.473573600000002, -3.6482154000000002)"
HORTALEZA,PINAR DEL REY,"CALLE DEL MAR CASPIO,2",50_LTS,445053.615,4480500.563,-3.6481997966766357,40.47336959838867,node/1252641375,40.4735736,-3.6482154,"(40.473573600000002, -3.6482154000000002)",,22.72871002259031,"(40.473573600000002, -3.6482154000000002)"
HORTALEZA,PINAR DEL REY,FRENTE FACHADA,MU-11B,445090.7777,4480506.104,-3.6477620601654053,40.47342300415039,node/1252641375,40.4735736,-3.6482154,"(40.473573600000002, -3.6482154000000002)",,41.855145874605036,"(40.473573600000002, -3.6482154000000002)"
HORTALEZA,PINAR DEL REY,"CALLE DEL MAR CASPIO,7",50_LTS,445096.9363,4480512.456,-3.6476900577545166,40.473480224609375,node/1252641375,40.4735736,-3.6482154,"(40.473573600000002, -3.6482154000000002)",,45.64667522727774,"(40.473573600000002, -3.6482154000000002)"
HORTALEZA,PINAR DEL REY,"CALLE DEL MAR CASPIO,3",50_LTS_EX,445046.9884,4480521.703,-3.648279905319214,40.47356033325195,node/1252641375,40.4735736,-3.6482154,"(40.473573600000002, -3.6482154000000002)",,5.653782164742311,"(40.473573600000002, -3.6482154000000002)"
HORTALEZA,PINAR DEL REY,JARDIN,MU-11A,445047.596,4480522.48,-3.64827299118042,40.473567962646484,node/1252641375,40.4735736,-3.6482154,"(40.473573600000002, -3.6482154000000002)",,4.912990128437498,"(40.473573600000002, -3.6482154000000002)"
HORTALEZA,PINAR DEL REY,"CALLE DE FELIPE HERRANZ,16",50_LTS,445064.0642,4480538.228,-3.6480801105499268,40.47370910644531,node/1252641375,40.4735736,-3.6482154,"(40.473573600000002, -3.6482154000000002)",,18.92597631292673,"(40.473573600000002, -3.6482154000000002)"
HORTALEZA,PINAR DEL REY,PORTAL,MU-11B,445022.0003,4480548.28,-3.6485772132873535,40.47379684448242,node/1252641360,40.4741571,-3.6485397,"(40.474157099999999, -3.6485397000000002)",,40.19538412699283,"(40.474157099999999, -3.6485397000000002)"
HORTALEZA,PINAR DEL REY,JARDIN,MU-11B,445036.1052,4480548.713,-3.6484107971191406,40.47380447387695,node/1252641360,40.4741571,-3.6485397,"(40.474157099999999, -3.6485397000000002)",,40.70945750393965,"(40.474157099999999, -3.6485397000000002)"
HORTALEZA,PINAR DEL REY,JARDIN,MU-11B,445036.5363,4480556.7,-3.6484062671661377,40.473873138427734,node/1252641360,40.4741571,-3.6485397,"(40.474157099999999, -3.6485397000000002)",,33.5411093960887,"(40.474157099999999, -3.6485397000000002)"
HORTALEZA,PINAR DEL REY,"Av · AVENIDA SAN LUIS 22 , ASCENDIENTE 1: 164 · P",,445035.0436,4480558.124,-3.6484241485595703,40.4738883972168,node/1252641360,40.4741571,-3.6485397,"(40.474157099999999, -3.6485397000000002)",,31.445296932300643,"(40.474157099999999, -3.6485397000000002)"
HORTALEZA,PINAR DEL REY,"Av · AVENIDA SAN LUIS 22 , ASCENDIENTE 1: 164 · P",,445035.0436,4480558.124,-3.6484241485595703,40.4738883972168,node/1252641360,40.4741571,-3.6485397,"(40.474157099999999, -3.6485397000000002)",,31.445296932300643,"(40.474157099999999, -3.6485397000000002)"
HORTALEZA,PINAR DEL REY,"Av · AVENIDA SAN LUIS 22 , ASCENDIENTE 1: 164 · P",,445035.0436,4480558.124,-3.6484241485595703,40.4738883972168,node/1252641360,40.4741571,-3.6485397,"(40.474157099999999, -3.6485397000000002)",,31.445296932300643,"(40.474157099999999, -3.6485397000000002)"
HORTALEZA,PINAR DEL REY,"Av · AVENIDA SAN LUIS 22 , ASCENDIENTE 1: 164 · P",,445035.0436,4480558.124,-3.6484241485595703,40.4738883972168,node/1252641360,40.4741571,-3.6485397,"(40.474157099999999, -3.6485397000000002)",,31.445296932300643,"(40.474157099999999, -3.6485397000000002)"
HORTALEZA,PINAR DEL REY,JARDIN,MU-11B,445017.8594,4480563.814,-3.648627281188965,40.47393798828125,node/1252641360,40.4741571,-3.6485397,"(40.474157099999999, -3.6485397000000002)",,25.472651152148483,"(40.474157099999999, -3.6485397000000002)"
HORTALEZA,PINAR DEL REY,PARCELA,MU-11B,444994.9396,4480565.872,-3.648897886276245,40.47395324707031,node/1252641360,40.4741571,-3.6485397,"(40.474157099999999, -3.6485397000000002)",,37.84916311818885,"(40.474157099999999, -3.6485397000000002)"
HORTALEZA,PINAR DEL REY,JARDIN,MU-11B,445033.6394,4480565.255,-3.6484413146972656,40.47395324707031,node/1252641360,40.4741571,-3.6485397,"(40.474157099999999, -3.6485397000000002)",,24.153594218154897,"(40.474157099999999, -3.6485397000000002)"
HORTALEZA,PINAR DEL REY,"CALLE DE LA BAHIA DE ALGECIRAS,22",50_LTS,444988.8249,4480566.533,-3.648970127105713,40.473960876464844,node/1252641360,40.4741571,-3.6485397,"(40.474157099999999, -3.6485397000000002)",,42.45746347037228,"(40.474157099999999, -3.6485397000000002)"
HORTALEZA,PINAR DEL REY,"CALLE DE FELIPE HERRANZ,5",50_LTS_EX,445044.8775,4480580.552,-3.6483099460601807,40.474090576171875,node/1252641360,40.4741571,-3.6485397,"(40.474157099999999, -3.6485397000000002)",,20.79997705408817,"(40.474157099999999, -3.6485397000000002)"
HORTALEZA,PINAR DEL REY,"CALLE DE FELIPE HERRANZ,18",50_LTS,445058.4728,4480584.892,-3.6481499671936035,40.47412872314453,node/1252641360,40.4741571,-3.6485397,"(40.474157099999999, -3.6485397000000002)",,33.1258828177615,"(40.474157099999999, -3.6485397000000002)"
HORTALEZA,PINAR DEL REY,JARDIN,MU-11B,445025.2297,4480593.211,-3.648542881011963,40.47420120239258,node/1252641360,40.4741571,-3.6485397,"(40.474157099999999, -3.6485397000000002)",,4.912722076059454,"(40.474157099999999, -3.6485397000000002)"
TETUÁN,ALMENARA,,MU-11A,441207.8228,4480626.407,-3.693577289581299,40.474239349365234,node/4301188693,40.4744214,-3.6940599,"(40.474421399999997, -3.6940599000000001)",,45.578301233606865,"(40.474421399999997, -3.6940599000000001)"
HORTALEZA,PINAR DEL REY,JARDIN,MU-11B,445035.5788,4480612.616,-3.6484224796295166,40.4743766784668,node/1252641337,40.4746218,-3.6482156,"(40.474621800000001, -3.6482155999999999)",,32.39923697282625,"(40.474621800000001, -3.6482155999999999)"
TETUÁN,ALMENARA,"CALLE DE SINESIO DELGADO,9",50_LTS,441151.8437,4480652.342,-3.694240093231201,40.47446823120117,node/4301188693,40.4744214,-3.6940599,"(40.474421399999997, -3.6940599000000001)",,16.111285997115782,"(40.474421399999997, -3.6940599000000001)"
HORTALEZA,PINAR DEL REY,"CALLE DE FRANCISCO PALOMO,3",50_LTS,445034.2002,4480627.253,-3.648439884185791,40.474510192871094,node/1252641337,40.4746218,-3.6482156,"(40.474621800000001, -3.6482155999999999)",,22.676110838983195,"(40.474621800000001, -3.6482155999999999)"
FUENCARRAL-EL PARDO,LA PAZ,"CALLE DE SINESIO DELGADO,8",50_LTS_EX,441168.1239,4480674.415,-3.6940500736236572,40.47467041015625,node/4301188693,40.4744214,-3.6940599,"(40.474421399999997, -3.6940599000000001)",,27.708943050576234,"(40.474421399999997, -3.6940599000000001)"
HORTALEZA,PINAR DEL REY,"CALLE DE ZAHARA DE LOS ATUNES,5",50_LTS,445026.9056,4480672.819,-3.6485300064086914,40.474918365478516,node/1252641337,40.4746218,-3.6482156,"(40.474621800000001, -3.6482155999999999)",,42.37583845299448,"(40.474621800000001, -3.6482155999999999)"
HORTALEZA,PINAR DEL REY,PORTAL,MU-11A,445036.5975,4480692.481,-3.6484172344207764,40.47509765625,node/1252641373,40.4748551,-3.6486894,"(40.474855099999999, -3.6486893999999999)",,35.469912941610026,"(40.474855099999999, -3.6486893999999999)"
HORTALEZA,PINAR DEL REY,"AVENIDA DE LA VIRGEN DEL CARMEN,78",50_LTS,445049.1486,4480700.407,-3.6482698917388916,40.47517013549805,node/1252641373,40.4748551,-3.6486894,"(40.474855099999999, -3.6486893999999999)",,49.87626212351396,"(40.474855099999999, -3.6486893999999999)"
FUENCARRAL-EL PARDO,PEÑAGRANDE,,MU-11A,438820.629,4480878.565,-3.721761465072632,40.476341247558594,node/4304233903,40.4765591,-3.7218812,"(40.476559100000003, -3.7218811999999999)",,26.26331704645673,"(40.476559100000003, -3.7218811999999999)"
FUENCARRAL-EL PARDO,PEÑAGRANDE,"CALLE DE OTERO Y DELAGE,14",50_LTS,438841.9534,4480879.562,-3.7215099334716797,40.476348876953125,node/4304233903,40.4765591,-3.7218812,"(40.476559100000003, -3.7218811999999999)",,39.158982070932815,"(40.476559100000003, -3.7218811999999999)"
FUENCARRAL-EL PARDO,PEÑAGRANDE,"CALLE DE OTERO Y DELAGE,14",50_LTS,438819.076,4480880.859,-3.7217800617218018,40.47636032104492,node/4304233903,40.4765591,-3.7218812,"(40.476559100000003, -3.7218811999999999)",,23.707578099217717,"(40.476559100000003, -3.7218811999999999)"
FUENCARRAL-EL PARDO,PEÑAGRANDE,,MU-11A,438794.6292,4480882.565,-3.7220685482025146,40.47637176513672,node/4304233903,40.4765591,-3.7218812,"(40.476559100000003, -3.7218811999999999)",,26.18041089712043,"(40.476559100000003, -3.7218811999999999)"
FUENCARRAL-EL PARDO,PEÑAGRANDE,,MU-11A,438809.6291,4480886.565,-3.7218921184539795,40.476409912109375,node/4304233903,40.4765591,-3.7218812,"(40.476559100000003, -3.7218811999999999)",,16.619304032077334,"(40.476559100000003, -3.7218811999999999)"
FUENCARRAL-EL PARDO,PEÑAGRANDE,,MU-11A,438806.6292,4480901.565,-3.721928834915161,40.47654724121094,node/4304233903,40.4765591,-3.7218812,"(40.476559100000003, -3.7218811999999999)",,4.24058333796405,"(40.476559100000003, -3.7218811999999999)"
FUENCARRAL-EL PARDO,PEÑAGRANDE,,MU-11A,438784.6294,4480902.565,-3.7221884727478027,40.47655487060547,node/4304233903,40.4765591,-3.7218812,"(40.476559100000003, -3.7218811999999999)",,26.00157566711903,"(40.476559100000003, -3.7218811999999999)"
FUENCARRAL-EL PARDO,PEÑAGRANDE,,MU-11A,438802.6293,4480915.565,-3.721977472305298,40.4766731262207,node/4304233903,40.4765591,-3.7218812,"(40.476559100000003, -3.7218811999999999)",,15.073040708720596,"(40.476559100000003, -3.7218811999999999)"
FUENCARRAL-EL PARDO,PEÑAGRANDE,,MU-11A,438780.6296,4480934.565,-3.722238779067993,40.47684097290039,node/4304233903,40.4765591,-3.7218812,"(40.476559100000003, -3.7218811999999999)",,43.56835549891493,"(40.476559100000003, -3.7218811999999999)"
BARAJAS,TIMÓN,AVENIDA DE ALEJANDRO DE LA SOTA,50_LTS,447562.1009,4480873.303,-3.6186399459838867,40.476890563964844,node/4985673602,40.4767141,-3.6186299,"(40.476714100000002, -3.6186299000000002)",,19.645820761076248,"(40.476714100000002, -3.6186299000000002)"
FUENCARRAL-EL PARDO,PEÑAGRANDE,,MU-11A,438794.6295,4480943.565,-3.722074508666992,40.476924896240234,node/4304233903,40.4765591,-3.7218812,"(40.476559100000003, -3.7218811999999999)",,43.85035428524561,"(40.476559100000003, -3.7218811999999999)"
FUENCARRAL-EL PARDO,PEÑAGRANDE,"CALLE DE JOAQUIN JORGE ALARCON,70",50_LTS,438803.4883,4480944.262,-3.7219700813293457,40.4769287109375,node/4304233903,40.4765591,-3.7218812,"(40.476559100000003, -3.7218811999999999)",,41.79255535406448,"(40.476559100000003, -3.7218811999999999)"
BARAJAS,TIMÓN,AVENIDA DE ALEJANDRO DE LA SOTA,120_LTS,447603.674,4480878.562,-3.618149995803833,40.4769401550293,node/4985673602,40.4767141,-3.6186299,"(40.476714100000002, -3.6186299000000002)",,47.75752151425715,"(40.476714100000002, -3.6186299000000002)"
FUENCARRAL-EL PARDO,PEÑAGRANDE,,MU-11A,438797.6296,4480955.565,-3.7220401763916016,40.47703170776367,node/4304233905,40.4773936,-3.7221668,"(40.477393599999999, -3.7221668000000001)",,41.653179239106464,"(40.477393599999999, -3.7221668000000001)"
FUENCARRAL-EL PARDO,PEÑAGRANDE,"CALLE DE LA ISLA DE TABARCA,4",50_LTS,438817.1504,4480956.361,-3.7218101024627686,40.4770393371582,node/4304233905,40.4773936,-3.7221668,"(40.477393599999999, -3.7221668000000001)",,49.632405433326966,"(40.477393599999999, -3.7221668000000001)"
FUENCARRAL-EL PARDO,PEÑAGRANDE,,MU-11A,438777.6297,4480969.565,-3.7222774028778076,40.47715759277344,node/4304233905,40.4773936,-3.7221668,"(40.477393599999999, -3.7221668000000001)",,27.868233171146194,"(40.477393599999999, -3.7221668000000001)"
FUENCARRAL-EL PARDO,PEÑAGRANDE,,MU-11A,438793.6297,4480981.565,-3.722090005874634,40.477264404296875,node/4304233905,40.4773936,-3.7221668,"(40.477393599999999, -3.7221668000000001)",,15.77052461447648,"(40.477393599999999, -3.7221668000000001)"
FUENCARRAL-EL PARDO,PEÑAGRANDE,"CALLE DE LAS ISLAS BAHAMAS,25",50_LTS_EX,438754.6433,4480983.514,-3.7225499153137207,40.47727966308594,node/4304233905,40.4773936,-3.7221668,"(40.477393599999999, -3.7221668000000001)",,34.803004408544965,"(40.477393599999999, -3.7221668000000001)"
FUENCARRAL-EL PARDO,PEÑAGRANDE,"CALLE DE LA ISLA DE TABARCA,3",50_LTS,438800.4156,4480983.14,-3.7220098972320557,40.47727966308594,node/4304233905,40.4773936,-3.7221668,"(40.477393599999999, -3.7221668000000001)",,18.35269151734493,"(40.477393599999999, -3.7221668000000001)"
FUENCARRAL-EL PARDO,PEÑAGRANDE,,MU-11A,438780.6299,4480997.565,-3.7222447395324707,40.47740936279297,node/4304233905,40.4773936,-3.7221668,"(40.477393599999999, -3.7221668000000001)",,6.823214852470057,"(40.477393599999999, -3.7221668000000001)"
FUENCARRAL-EL PARDO,PEÑAGRANDE,,MU-11A,438774.63,4481011.566,-3.7223169803619385,40.477535247802734,node/4304233905,40.4773936,-3.7221668,"(40.477393599999999, -3.7221668000000001)",,20.24013916513366,"(40.477393599999999, -3.7221668000000001)"
FUENCARRAL-EL PARDO,PEÑAGRANDE,"CALLE DE LA ISLA DE TABARCA,12",50_LTS,438800.8151,4481031.98,-3.7220098972320557,40.477718353271484,node/4304233905,40.4773936,-3.7221668,"(40.477393599999999, -3.7221668000000001)",,38.48316565677299,"(40.477393599999999, -3.7221668000000001)"
FUENCARRAL-EL PARDO,PEÑAGRANDE,"CALLE DE LAS ISLAS HEBRIDAS,23",50_LTS,438777.1087,4481035.504,-3.7222900390625,40.47774887084961,node/4304233905,40.4773936,-3.7221668,"(40.477393599999999, -3.7221668000000001)",,40.86791288162639,"(40.477393599999999, -3.7221668000000001)"
FUENCARRAL-EL PARDO,PEÑAGRANDE,,MU-11A,438775.6301,4481038.566,-3.7223076820373535,40.477779388427734,node/4304233905,40.4773936,-3.7221668,"(40.477393599999999, -3.7221668000000001)",,44.534510565918644,"(40.477393599999999, -3.7221668000000001)"
FUENCARRAL-EL PARDO,LA PAZ,,MU-11A,440420.6223,4481502.549,-3.7029457092285156,40.482078552246094,node/3960256016,40.4823495,-3.7029088,"(40.482349499999998, -3.7029087999999999)",,30.29783660879462,"(40.482349499999998, -3.7029087999999999)"
FUENCARRAL-EL PARDO,LA PAZ,"CALLE DE PEDRO RICO,52",50_LTS,440399.9272,4481505.283,-3.7031900882720947,40.48210144042969,node/3960256016,40.4823495,-3.7029088,"(40.482349499999998, -3.7029087999999999)",,36.435407041987844,"(40.482349499999998, -3.7029087999999999)"
FUENCARRAL-EL PARDO,LA PAZ,"CALLE DE PEDRO RICO,47",120_LTS,440443.2595,4481518.259,-3.7026801109313965,40.48221969604492,node/3960256016,40.4823495,-3.7029088,"(40.482349499999998, -3.7029087999999999)",,24.14020808614537,"(40.482349499999998, -3.7029087999999999)"
FUENCARRAL-EL PARDO,LA PAZ,"CALLE DE PEDRO RICO,47",50_LTS,440463.7161,4481532.527,-3.702440023422241,40.48234939575195,node/3960256016,40.4823495,-3.7029088,"(40.482349499999998, -3.7029087999999999)",,39.658198745935934,"(40.482349499999998, -3.7029087999999999)"
FUENCARRAL-EL PARDO,LA PAZ,,MU-11A,440416.6225,4481535.549,-3.702996015548706,40.48237228393555,node/3960256016,40.4823495,-3.7029088,"(40.482349499999998, -3.7029087999999999)",,7.801441533869936,"(40.482349499999998, -3.7029087999999999)"
FUENCARRAL-EL PARDO,LA PAZ,"CALLE DE PEDRO RICO,47",50_LTS,440440.0549,4481541.596,-3.7027201652526855,40.48242950439453,node/3960256016,40.4823495,-3.7029088,"(40.482349499999998, -3.7029087999999999)",,18.271683691703558,"(40.482349499999998, -3.7029087999999999)"
FUENCARRAL-EL PARDO,VALVERDE,"CALLE DE ANTONIORROBLES,10",50_LTS_EX,441431.1114,4482106.57,-3.691080093383789,40.48759078979492,node/4309798479,40.4877101,-3.690783,"(40.487710100000001, -3.6907830000000001)",,28.420377557321036,"(40.487710100000001, -3.6907830000000001)"
FUENCARRAL-EL PARDO,VALVERDE,,MU-11A,441469.6193,4482118.54,-3.690626859664917,40.487701416015625,node/4309798479,40.4877101,-3.690783,"(40.487710100000001, -3.6907830000000001)",,13.243587071217421,"(40.487710100000001, -3.6907830000000001)"
FUENCARRAL-EL PARDO,VALVERDE,,MU-11A,441453.6194,4482122.54,-3.6908159255981445,40.487735748291016,node/4309798479,40.4877101,-3.690783,"(40.487710100000001, -3.6907830000000001)",,3.986971295629878,"(40.487710100000001, -3.6907830000000001)"
FUENCARRAL-EL PARDO,VALVERDE,,MU-11B,441427.6197,4482144.54,-3.691124677658081,40.48793029785156,node/4309798479,40.4877101,-3.690783,"(40.487710100000001, -3.6907830000000001)",,37.88471056954604,"(40.487710100000001, -3.6907830000000001)"
