DISTRITO,BARRIO,MODELO,X_ETRS89,Y_ETRS89,LONGITUD,LATITUD,id_OSM,lat_OSM,lon_OSM,coord_OSM,name_OSM,score_OSM,coord
VILLAVERDE,SAN ANDRÉS,MU-15A,"439465,4693","4466269,482",-3.7127647,40.3447813,3627378736,40.3448547,-3.7128183,"(40.344854699999999, -3.7128182999999999)",,9.343,"(40.344781300000001, -3.7127647000000001)"
VILLAVERDE,SAN ANDRÉS,MU-15B,"439459,4693","4466270,482",-3.7128354,40.3447899,3627378736,40.3448547,-3.7128183,"(40.344854699999999, -3.7128182999999999)",,7.352,"(40.344789900000002, -3.7128353999999999)"
VILLAVERDE,SAN ANDRÉS,MU-15A,"439468,4693","4466275,482",-3.7127299,40.3448356,3627378736,40.3448547,-3.7128183,"(40.344854699999999, -3.7128182999999999)",,7.789,"(40.344835600000003, -3.7127298999999998)"
VILLAVERDE,SAN ANDRÉS,MU-17,"439210,4727","4466478,486",-3.7157868,40.3466457,3136517551,40.3466971,-3.7158471,"(40.3466971, -3.7158471)",,7.669,"(40.346645700000003, -3.7157868000000001)"
VILLAVERDE,SAN ANDRÉS,MU-17,"439215,4729","4466498,486",-3.7157299,40.3468262,3136517505,40.3468932,-3.7156915,"(40.346893199999997, -3.7156915000000001)",,8.132,"(40.346826200000002, -3.7157298999999999)"
VILLAVERDE,SAN ANDRÉS,MU-17,"439225,4732","4466525,486",-3.7156147,40.3470701,3136517490,40.347024,-3.7156272,"(40.347023999999998, -3.7156272000000001)",,5.236,"(40.347070100000003, -3.7156147000000002)"
VILLAVERDE,LOS ANGELES,MU-16,"440937,4714","4466955,468",-3.6954973,40.3510666,3637128597,40.3511177,-3.695485,"(40.351117700000003, -3.6954850000000001)",,5.778,"(40.351066600000003, -3.6954973)"
VILLAVERDE,LOS ANGELES,MU-16,"440942,4716","4466968,468",-3.6954396,40.3511841,3637128597,40.3511177,-3.695485,"(40.351117700000003, -3.6954850000000001)",,8.328,"(40.351184099999998, -3.6954395999999998)"
VILLAVERDE,LOS ANGELES,MU-16,"440964,4715","4466970,468",-3.6951807,40.3512037,3637128599,40.351149,-3.6950986,"(40.351148999999999, -3.6950986000000001)",,9.244,"(40.351203699999999, -3.6951806999999999)"
VILLAVERDE,LOS ANGELES,MU-17,"441035,4714","4466985,467",-3.6943461,40.3513438,3637128618,40.3513649,-3.6942796,"(40.3513649, -3.6942796000000002)",,6.106,"(40.351343800000002, -3.6943461000000002)"
VILLAVERDE,LOS ANGELES,MU-17,"441036,4715","4466990,467",-3.6943348,40.3513889,3637128618,40.3513649,-3.6942796,"(40.3513649, -3.6942796000000002)",,5.387,"(40.351388900000003, -3.6943348)"
VILLAVERDE,SAN ANDRÉS,MU-17,"439524,4814","4467324,486",-3.7121699,40.3542897,3106170530,40.3543311,-3.712097,"(40.354331100000003, -3.712097)",,7.706,"(40.354289700000002, -3.7121699000000001)"
VILLAVERDE,LOS ROSALES,MU-16,"441843,4763","4467711,461",-3.6848981,40.3579407,3159536242,40.357998,-3.6848505,"(40.357998000000002, -3.6848505)",,7.543,"(40.3579407, -3.6848980999999998)"
VILLAVERDE,LOS ROSALES,MU-17,"441855,4763","4467718,461",-3.6847574,40.3580046,3159536242,40.357998,-3.6848505,"(40.357998000000002, -3.6848505)",,7.925,"(40.358004600000001, -3.6847574000000001)"
VILLAVERDE,LOS ROSALES,MU-17,"441197,4796","4467763,469",-3.6925102,40.3583639,5200197434,40.3584211,-3.6925113,"(40.358421100000001, -3.6925113000000001)",,6.363,"(40.358363900000001, -3.6925102000000001)"
USERA,ORCASUR,MU-17,"441100,493","4468914,474",-3.6937586,40.368726,4959088633,40.3687856,-3.6937054,"(40.368785600000002, -3.6937053999999998)",,8.017,"(40.368726000000002, -3.6937585999999998)"
LATINA,ALUCHE,MU-16,"435491,6158","4471009,563",-3.7600305,40.3871842,1595614371,40.3871479,-3.7599569,"(40.387147900000002, -3.7599569000000002)",,7.428,"(40.3871842, -3.7600305000000001)"
LATINA,ALUCHE,MU-16,"435521,6157","4471021,562",-3.7596783,40.3872947,1595614373,40.387229,-3.7596934,"(40.387228999999998, -3.7596934000000002)",,7.419,"(40.387294699999998, -3.7596783)"
CARABANCHEL,OPAÑEL,BA-107,"437912,5331","4471086,521",-3.7315174,40.3880615,2352895346,40.3881264,-3.7315356,"(40.388126399999997, -3.7315356)",,7.381,"(40.388061499999999, -3.7315174)"
PUENTE DE VALLECAS,NUMANCIA,MU-16,"444240,5184","4472172,447",-3.6570607,40.3982918,344102351,40.3982267,-3.6569817,"(40.398226700000002, -3.6569816999999998)",,9.859,"(40.398291800000003, -3.6570607000000002)"
ARGANZUELA,ACACIAS,MU-17,"440214,5875","4472350,526",-3.7045151,40.3996167,4257891372,40.3996951,-3.7045152,"(40.399695100000002, -3.7045151999999999)",,8.72,"(40.399616700000003, -3.7045151000000001)"
ARGANZUELA,ACACIAS,MU-17,"440217,5875","4472352,526",-3.7044799,40.3996349,4257891372,40.3996951,-3.7045152,"(40.399695100000002, -3.7045151999999999)",,7.333,"(40.399634900000002, -3.7044798999999999)"
ARGANZUELA,ACACIAS,MU-17,"440221,5875","4472354,526",-3.7044329,40.3996532,4257891372,40.3996951,-3.7045152,"(40.399695100000002, -3.7045151999999999)",,8.385,"(40.399653200000003, -3.7044329)"
LATINA,CAMPAMENTO,MU-16,"434313,6316","4472406,581",-3.7740524,40.3996771,4900635440,40.3997182,-3.7739711,"(40.399718200000002, -3.7739710999999998)",,8.266,"(40.399677099999998, -3.7740524)"
LATINA,CAMPAMENTO,MU-16,"434307,6317","4472408,581",-3.7741233,40.3996946,4900635441,40.3997476,-3.774108,"(40.399747599999998, -3.774108)",,6.036,"(40.399694599999997, -3.7741232999999998)"
ARGANZUELA,ACACIAS,BA-108,"440228,5875","4472367,526",-3.7043517,40.3997709,4257891373,40.399711,-3.7043149,"(40.399711000000003, -3.7043149)",,7.356,"(40.3997709, -3.7043517000000001)"
ARGANZUELA,ACACIAS,BA-108,"440231,5875","4472368,526",-3.7043164,40.3997801,4257891373,40.399711,-3.7043149,"(40.399711000000003, -3.7043149)",,7.687,"(40.399780100000001, -3.7043164000000002)"
ARGANZUELA,ACACIAS,MU-17,"440241,5874","4472369,526",-3.7041987,40.3997898,4257891375,40.3997436,-3.7042481,"(40.399743600000001, -3.7042481)",,6.627,"(40.399789800000001, -3.7041987000000001)"
ARGANZUELA,ACACIAS,BA-108,"440230,5875","4472371,526",-3.7043285,40.399807,4257891375,40.3997436,-3.7042481,"(40.399743600000001, -3.7042481)",,9.803,"(40.399807000000003, -3.7043284999999999)"
LATINA,ALUCHE,BA-13,"435244,6229","4472419,571",-3.7630838,40.399867,2351691922,40.3998254,-3.7630341,"(40.399825399999997, -3.7630341)",,6.255,"(40.399867, -3.7630838)"
ARGANZUELA,ACACIAS,MU-17,"440146,5883","4472506,527",-3.705331,40.4010172,4257891382,40.4009732,-3.7053157,"(40.400973200000003, -3.7053156999999999)",,5.063,"(40.401017199999998, -3.7053310000000002)"
LATINA,PUERTA DEL ANGEL,MU-16,"437609,6055","4473265,549",-3.7352996,40.4076685,2375150818,40.4075992,-3.7352454,"(40.4075992, -3.7352454000000002)",,8.971,"(40.4076685, -3.7352995999999998)"
LATINA,PUERTA DEL ANGEL,MU-16,"437610,6055","4473269,549",-3.7352883,40.4077046,2375150819,40.4076816,-3.735222,"(40.407681599999997, -3.7352219999999998)",,6.17,"(40.407704600000002, -3.7352883000000001)"
LATINA,PUERTA DEL ANGEL,MU-16,"437610,6055","4473271,549",-3.7352884,40.4077226,2375150819,40.4076816,-3.735222,"(40.407681599999997, -3.7352219999999998)",,7.24,"(40.4077226, -3.7352884)"
MORATALAZ,MEDIA LEGUA,MU-16,"443941,5311","4473306,457",-3.6606836,40.4084875,4127645059,40.408543,-3.66075,"(40.408543000000002, -3.6607500000000002)",,8.351,"(40.4084875, -3.6606836)"
CENTRO,PALACIO,MU-16,"439266,5663","4473449,736",-3.7157906,40.4094503,4437824304,40.4094835,-3.7158797,"(40.4094835, -3.7158796999999999)",,8.401,"(40.409450300000003, -3.7157906000000001)"
CENTRO,EMBAJADORES,BA-45,"440285,5802","4473442,438",-3.703781,40.4094583,3666910216,40.4095255,-3.7038285,"(40.409525500000001, -3.7038285000000002)",,8.488,"(40.409458299999997, -3.7037810000000002)"
CENTRO,EMBAJADORES,BA-45,"440284,5802","4473444,438",-3.703793,40.4094762,3666910216,40.4095255,-3.7038285,"(40.409525500000001, -3.7038285000000002)",,6.254,"(40.4094762, -3.7037930000000001)"
CENTRO,PALACIO,MU-16,"439298,5261","4473458,926",-3.7154149,40.4095354,4437824320,40.4096229,-3.715421,"(40.409622900000002, -3.7154210000000001)",,9.746,"(40.409535400000003, -3.7154148999999999)"
CENTRO,EMBAJADORES,BA-45,"440296,5801","4473452,438",-3.7036523,40.4095491,3666910221,40.4096137,-3.7035898,"(40.409613700000001, -3.7035898)",,8.924,"(40.4095491, -3.7036522999999999)"
CENTRO,EMBAJADORES,BA-45,"440295,5802","4473455,438",-3.7036644,40.4095761,3666910221,40.4096137,-3.7035898,"(40.409613700000001, -3.7035898)",,7.577,"(40.409576100000002, -3.7036644000000001)"
CENTRO,EMBAJADORES,BA-45,"440294,5802","4473459,438",-3.7036765,40.4096121,3666910221,40.4096137,-3.7035898,"(40.409613700000001, -3.7035898)",,7.345,"(40.409612099999997, -3.7036764999999998)"
CENTRO,EMBAJADORES,BA-45,"440293,5802","4473461,438",-3.7036885,40.40963,3666910221,40.4096137,-3.7035898,"(40.409613700000001, -3.7035898)",,8.553,"(40.40963, -3.7036885000000002)"
CENTRO,EMBAJADORES,BA-45,"440321,58","4473463,437",-3.7033587,40.40965,3666922933,40.409732,-3.7033867,"(40.409731999999998, -3.7033866999999998)",,9.424,"(40.409649999999999, -3.7033586999999999)"
CENTRO,EMBAJADORES,BA-45,"440292,5802","4473464,438",-3.7037006,40.409657,3666910223,40.4096299,-3.7035998,"(40.409629899999999, -3.7035998000000001)",,9.053,"(40.409657000000003, -3.7037005999999999)"
CENTRO,EMBAJADORES,BA-45,"440325,58","4473465,437",-3.7033118,40.4096683,3666922933,40.409732,-3.7033867,"(40.409731999999998, -3.7033866999999998)",,9.51,"(40.4096683, -3.7033117999999998)"
CENTRO,EMBAJADORES,BA-45,"440316,5801","4473466,437",-3.7034179,40.4096767,3666922933,40.409732,-3.7033867,"(40.409731999999998, -3.7033866999999998)",,6.694,"(40.409676699999999, -3.7034178999999998)"
CENTRO,EMBAJADORES,BA-45,"440320,58","4473466,437",-3.7033708,40.409677,3666922933,40.409732,-3.7033867,"(40.409731999999998, -3.7033866999999998)",,6.264,"(40.409677000000002, -3.7033708000000001)"
CENTRO,EMBAJADORES,BA-45,"440291,5802","4473468,438",-3.7037127,40.4096929,3190384550,40.4097448,-3.70367,"(40.409744799999999, -3.7036699999999998)",,6.812,"(40.409692900000003, -3.7037127000000001)"
CENTRO,PALACIO,,"439301,9999","4473477,332",-3.7153757,40.4097014,4437824320,40.4096229,-3.715421,"(40.409622900000002, -3.7154210000000001)",,9.537,"(40.409701400000003, -3.7153757000000001)"
CENTRO,EMBAJADORES,BA-45,"440323,58","4473469,437",-3.7033357,40.4097042,3666922933,40.409732,-3.7033867,"(40.409731999999998, -3.7033866999999998)",,5.312,"(40.4097042, -3.7033356999999998)"
CENTRO,EMBAJADORES,BA-45,"440291,5802","4473470,438",-3.7037129,40.4097109,3190384550,40.4097448,-3.70367,"(40.409744799999999, -3.7036699999999998)",,5.236,"(40.4097109, -3.7037129000000002)"
CENTRO,EMBAJADORES,BA-45,"440314,5801","4473470,437",-3.7034419,40.4097126,3666922933,40.409732,-3.7033867,"(40.409731999999998, -3.7033866999999998)",,5.149,"(40.409712599999999, -3.7034419000000001)"
CENTRO,PALACIO,MU-16,"439301,3263","4473505,906",-3.7153864,40.4099588,4437824329,40.4099349,-3.7152739,"(40.409934900000003, -3.7152739000000001)",,9.892,"(40.409958799999998, -3.7153863999999999)"
CENTRO,PALACIO,MU-16,"439263,5865","4473516,446",-3.7158321,40.410051,4437824332,40.410088,-3.715876,"(40.410088000000002, -3.7158760000000002)",,5.546,"(40.410051000000003, -3.7158321000000001)"
CENTRO,PALACIO,MU-16,"439285,5865","4473548,446",-3.7155759,40.4103409,4437824333,40.4103814,-3.7154997,"(40.410381399999999, -3.7154997000000001)",,7.87,"(40.410340900000001, -3.7155759000000002)"
CENTRO,CORTES,BA-45,"441147,5754","4473578,431",-3.6936349,40.4107447,1623075032,40.4108251,-3.6936063,"(40.410825099999997, -3.6936062999999999)",,9.265,"(40.410744700000002, -3.6936349000000002)"
CENTRO,CORTES,BA-45,"441141,5754","4473591,431",-3.6937069,40.4108614,1623075032,40.4108251,-3.6936063,"(40.410825099999997, -3.6936062999999999)",,9.428,"(40.410861400000002, -3.6937069)"
CENTRO,CORTES,BA-31,"441225,6249","4473592,09",-3.6927165,40.4108733,3428424997,40.4109289,-3.6927015,"(40.410928900000002, -3.6927015000000001)",,6.313,"(40.410873299999999, -3.6927165)"
CENTRO,CORTES,BA-31,"441232,9049","4473593,5",-3.6926308,40.4108865,3428424997,40.4109289,-3.6927015,"(40.410928900000002, -3.6927015000000001)",,7.622,"(40.410886499999997, -3.6926307999999999)"
CENTRO,CORTES,BA-45,"441143,5754","4473594,431",-3.6936836,40.4108886,1623075032,40.4108251,-3.6936063,"(40.410825099999997, -3.6936062999999999)",,9.63,"(40.4108886, -3.6936836)"
CENTRO,PALACIO,MU-16,"439665,5847","4473704,443",-3.7111125,40.4117738,1634750486,40.4117798,-3.7112126,"(40.411779799999998, -3.7112126000000001)",,8.504,"(40.411773799999999, -3.7111125)"
CENTRO,PALACIO,MU-16,"439665,5847","4473709,443",-3.711113,40.4118188,1634750486,40.4117798,-3.7112126,"(40.411779799999998, -3.7112126000000001)",,9.485,"(40.411818799999999, -3.7111130000000001)"
CENTRO,PALACIO,MU-16,"439361,3872","4473907,386",-3.7147168,40.4135799,5139675916,40.4135278,-3.7146245,"(40.413527799999997, -3.7146245000000002)",,9.73,"(40.413579900000002, -3.7147168000000002)"
CENTRO,PALACIO,MU-17,"439372,7771","4473907,386",-3.7145826,40.4135808,5139675915,40.4136439,-3.7145025,"(40.413643899999997, -3.7145025)",,9.761,"(40.413580799999998, -3.7145826)"
CENTRO,PALACIO,MU-16,"439373,6471","4473921,206",-3.7145736,40.4137053,5139675915,40.4136439,-3.7145025,"(40.413643899999997, -3.7145025)",,9.105,"(40.413705299999997, -3.7145736)"
CENTRO,PALACIO,BA-107,"439358,5875","4474014,447",-3.71476,40.4145442,4437878844,40.4145136,-3.714684,"(40.414513599999999, -3.7146840000000001)",,7.281,"(40.414544200000002, -3.7147600000000001)"
CENTRO,PALACIO,BA-107,"439349,5876","4474024,447",-3.714867,40.4146336,4437878883,40.4146496,-3.7147899,"(40.414649599999997, -3.7147899)",,6.767,"(40.414633600000002, -3.7148669999999999)"
RETIRO,NIÑO JESÚS,MU-16,"442888,6999","4474129,049",-3.6731649,40.4158263,1890102262,40.4158698,-3.6730999,"(40.415869800000003, -3.6730999)",,7.329,"(40.415826299999999, -3.6731649000000002)"
RETIRO,NIÑO JESÚS,MU-16,"442870,3114","4474129,71",-3.6733817,40.415831,1890102328,40.4158718,-3.6734272,"(40.415871799999998, -3.6734271999999999)",,5.953,"(40.415830999999997, -3.6733817000000002)"
RETIRO,NIÑO JESÚS,MU-16,"442867,5765","4474150,501",-3.6734157,40.4160181,1890102318,40.4160269,-3.6733412,"(40.416026899999999, -3.6733411999999999)",,6.384,"(40.416018100000002, -3.6734157000000001)"
RETIRO,NIÑO JESÚS,MU-16,"442913,5763","4474164,501",-3.6728748,40.4161473,1890102293,40.4161496,-3.6727781,"(40.416149599999997, -3.6727780999999999)",,8.193,"(40.416147299999999, -3.6728748000000002)"
SAN BLAS-CANILLEJAS,ARCOS,MU-16,"447895,3505","4474836,729",-3.6142134,40.42253,2654505810,40.422592,-3.6142024,"(40.422592000000002, -3.6142023999999999)",,6.959,"(40.422530000000002, -3.6142134000000001)"
SAN BLAS-CANILLEJAS,ARCOS,MU-16,"447899,8699","4474848,264",-3.614161,40.4226342,2654505810,40.422592,-3.6142024,"(40.422592000000002, -3.6142023999999999)",,5.858,"(40.422634199999997, -3.6141610000000002)"
SAN BLAS-CANILLEJAS,ARCOS,MU-16,"447896,4197","4474852,981",-3.6142021,40.4226765,2654505810,40.422592,-3.6142024,"(40.422592000000002, -3.6142023999999999)",,9.399,"(40.422676500000001, -3.6142021)"
MONCLOA-ARAVACA,ARGUELLES,MU-15E,"439589,5891","4474978,447",-3.7121291,40.4232451,4125449745,40.4232951,-3.7121999,"(40.423295099999997, -3.7121998999999999)",,8.177,"(40.423245100000003, -3.7121290999999998)"
MONCLOA-ARAVACA,ARGUELLES,MU-15E,"439599,589","4474985,447",-3.7120119,40.4233089,4125449754,40.4233427,-3.7121148,"(40.423342699999999, -3.7121148000000002)",,9.489,"(40.423308900000002, -3.7120118999999998)"
MONCLOA-ARAVACA,ARGUELLES,MU-15E,"439610,589","4474993,447",-3.711883,40.4233818,4125449768,40.423414,-3.711987,"(40.423414000000001, -3.7119870000000001)",,9.507,"(40.423381800000001, -3.7118829999999998)"
SALAMANCA,RECOLETOS,MU-15F,"441556,5866","4475099,519",-3.6889545,40.4244763,3391731537,40.4244857,-3.6888933,"(40.424485699999998, -3.6888933000000002)",,5.286,"(40.424476300000002, -3.6889544999999999)"
SALAMANCA,RECOLETOS,MU-15F,"441534,5869","4475182,519",-3.6892214,40.4252224,2827804114,40.4251556,-3.6892003,"(40.425155599999997, -3.6892003)",,7.642,"(40.425222400000003, -3.6892214000000001)"
CENTRO,UNIVERSIDAD,BA-1,"440280,5852","4475211,441",-3.7040059,40.4253939,3105315577,40.4253301,-3.7039906,"(40.425330099999996, -3.7039906)",,7.214,"(40.425393900000003, -3.7040058999999999)"
CHAMBERÍ,TRAFALGAR,BA-103,"440660,5843","4475773,438",-3.6995791,40.4304838,1591330097,40.430525,-3.6996099,"(40.430525000000003, -3.6996099)",,5.273,"(40.430483799999998, -3.6995790999999998)"
CHAMBERÍ,TRAFALGAR,BA-103,"440662,5843","4475774,438",-3.6995557,40.430493,1591330097,40.430525,-3.6996099,"(40.430525000000003, -3.6996099)",,5.807,"(40.430492999999998, -3.6995556999999999)"
CHAMBERÍ,TRAFALGAR,BA-103,"440651,5843","4475776,438",-3.6996855,40.4305102,1591330093,40.4304843,-3.6997505,"(40.430484300000003, -3.6997504999999999)",,6.212,"(40.430510200000001, -3.6996855000000002)"
CHAMBERÍ,TRAFALGAR,BA-103,"440655,5843","4475786,438",-3.6996393,40.4306006,1591330097,40.430525,-3.6996099,"(40.430525000000003, -3.6996099)",,8.769,"(40.430600599999998, -3.6996392999999999)"
CHAMBERÍ,TRAFALGAR,BA-103,"440658,5843","4475789,438",-3.6996042,40.4306278,1591330113,40.4305556,-3.6996652,"(40.430555599999998, -3.6996652000000001)",,9.548,"(40.430627800000003, -3.6996042)"
CHAMBERÍ,TRAFALGAR,BA-103,"440660,5843","4475790,438",-3.6995807,40.430637,1591330140,40.4306486,-3.6996585,"(40.430648599999998, -3.6996585)",,6.712,"(40.430636999999997, -3.6995806999999998)"
CHAMBERÍ,TRAFALGAR,BA-103,"440659,5843","4475791,438",-3.6995926,40.4306459,1591330140,40.4306486,-3.6996585,"(40.430648599999998, -3.6996585)",,5.587,"(40.430645900000002, -3.6995925999999999)"
CHAMBERÍ,TRAFALGAR,BA-103,"440676,5842","4475795,438",-3.6993926,40.4306832,1591330141,40.4306638,-3.6994694,"(40.430663799999998, -3.6994693999999999)",,6.851,"(40.430683199999997, -3.6993925999999999)"
CHAMBERÍ,TRAFALGAR,BA-103,"440674,5842","4475796,438",-3.6994162,40.430692,1591330141,40.4306638,-3.6994694,"(40.430663799999998, -3.6994693999999999)",,5.489,"(40.430692000000001, -3.6994161999999999)"
CHAMBERÍ,TRAFALGAR,MU-17,"440513,5859","4475999,44",-3.7013331,40.4325092,1596698109,40.4325672,-3.70142,"(40.432567200000001, -3.7014200000000002)",,9.785,"(40.432509199999998, -3.7013330999999998)"
CHAMBERÍ,TRAFALGAR,MU-17,"440509,3159","4476000,58",-3.7013835,40.4325192,1596698109,40.4325672,-3.70142,"(40.432567200000001, -3.7014200000000002)",,6.169,"(40.432519200000002, -3.7013834999999999)"
CHAMBERÍ,TRAFALGAR,MU-17,"440522,5859","4476007,44",-3.7012277,40.432582,1596698111,40.4326506,-3.7012341,"(40.432650600000002, -3.7012341000000002)",,7.649,"(40.432581999999996, -3.7012277)"
CHAMBERÍ,TRAFALGAR,MU-17,"440518,5859","4476008,44",-3.701275,40.4325907,1596698111,40.4326506,-3.7012341,"(40.432650600000002, -3.7012341000000002)",,7.509,"(40.432590699999999, -3.7012749999999999)"
CHAMBERÍ,TRAFALGAR,MU-17,"440513,5859","4476010,44",-3.7013341,40.4326083,1596698109,40.4325672,-3.70142,"(40.432567200000001, -3.7014200000000002)",,8.59,"(40.432608299999998, -3.7013341)"
CHAMBERÍ,TRAFALGAR,MU-17,"440509,586","4476011,44",-3.7013814,40.4326171,1596698109,40.4325672,-3.70142,"(40.432567200000001, -3.7014200000000002)",,6.441,"(40.432617100000002, -3.7013813999999998)"
CHAMBERÍ,TRAFALGAR,MU-17,"440511,586","4476012,44",-3.7013579,40.4326262,1596698109,40.4325672,-3.70142,"(40.432567200000001, -3.7014200000000002)",,8.409,"(40.432626200000001, -3.7013579000000001)"
CHAMBERÍ,TRAFALGAR,MU-17,"440499,5861","4476026,44",-3.7015007,40.4327515,1596698114,40.4328236,-3.7014841,"(40.432823599999999, -3.7014841000000001)",,8.142,"(40.432751500000002, -3.7015007)"
CHAMBERÍ,TRAFALGAR,MU-17,"440505,586","4476028,44",-3.7014301,40.4327699,1596698114,40.4328236,-3.7014841,"(40.432823599999999, -3.7014841000000001)",,7.522,"(40.432769899999997, -3.7014301000000001)"
CHAMBERÍ,TRAFALGAR,MU-17,"440508,586","4476028,44",-3.7013948,40.4327701,1596698114,40.4328236,-3.7014841,"(40.432823599999999, -3.7014841000000001)",,9.621,"(40.432770099999999, -3.7013948000000001)"
CHAMBERÍ,TRAFALGAR,MU-17,"440509,586","4476030,44",-3.7013832,40.4327882,1596698114,40.4328236,-3.7014841,"(40.432823599999999, -3.7014841000000001)",,9.406,"(40.432788199999997, -3.7013832)"
CHAMBERÍ,TRAFALGAR,MU-17,"440506,586","4476031,44",-3.7014186,40.432797,1596698114,40.4328236,-3.7014841,"(40.432823599999999, -3.7014841000000001)",,6.285,"(40.432797000000001, -3.7014185999999998)"
CHAMBERÍ,TRAFALGAR,MU-17,"440526,5859","4476031,44",-3.7011828,40.4327984,1596698112,40.4327905,-3.7012651,"(40.432790500000003, -3.7012651000000001)",,7.023,"(40.432798400000003, -3.7011828000000002)"
CHAMBERÍ,TRAFALGAR,MU-17,"440513,586","4476035,44",-3.7013365,40.4328336,1596698112,40.4327905,-3.7012651,"(40.432790500000003, -3.7012651000000001)",,7.715,"(40.432833600000002, -3.7013365)"
CHAMBERÍ,TRAFALGAR,MU-17,"440506,5861","4476040,44",-3.7014195,40.4328781,1596698114,40.4328236,-3.7014841,"(40.432823599999999, -3.7014841000000001)",,8.164,"(40.432878100000003, -3.7014195000000001)"
CIUDAD LINEAL,SAN PASCUAL,MU-17,"444473,5642","4476670,467",-3.6547075,40.438828,2764886803,40.4387566,-3.6546589,"(40.438756599999998, -3.6546588999999998)",,8.944,"(40.438828000000001, -3.6547075000000002)"
CIUDAD LINEAL,SAN PASCUAL,MU-17,"444477,5641","4476670,467",-3.6546603,40.4388283,2764886798,40.4387809,-3.6545943,"(40.438780899999998, -3.6545942999999999)",,7.682,"(40.438828299999997, -3.6546603000000002)"
CHAMARTÍN,EL VISO,MU-15B,"442228,5868","4476826,512",-3.6811902,40.4400808,4316800068,40.4400646,-3.6812556,"(40.440064599999999, -3.6812556000000001)",,5.822,"(40.440080799999997, -3.6811902000000001)"
CHAMARTÍN,EL VISO,MU-15B,"442220,5868","4476829,512",-3.6812847,40.4401072,4316800068,40.4400646,-3.6812556,"(40.440064599999999, -3.6812556000000001)",,5.34,"(40.4401072, -3.6812847)"
CHAMARTÍN,EL VISO,MU-15B,"442226,5868","4476833,512",-3.6812144,40.4401437,4316800068,40.4400646,-3.6812556,"(40.440064599999999, -3.6812556000000001)",,9.464,"(40.4401437, -3.6812144)"
MONCLOA-ARAVACA,CIUDAD UNIVERSITARIA,BA-31,"438416,6133","4476865,553",-3.7261382,40.4401589,4456027691,40.4402213,-3.7262058,"(40.440221299999997, -3.7262057999999998)",,8.995,"(40.4401589, -3.7261381999999998)"
CHAMBERÍ,VALLEHERMOSO,MU-16,"440269,91","4476859,994",-3.7042867,40.440244,2972892265,40.4401985,-3.7043077,"(40.440198500000001, -3.7043077000000002)",,5.364,"(40.440244, -3.7042866999999999)"
MONCLOA-ARAVACA,CIUDAD UNIVERSITARIA,BA-31,"438364,6145","4477120,554",-3.726776,40.4424522,4456021891,40.4424111,-3.726747,"(40.442411100000001, -3.726747)",,5.189,"(40.442452199999998, -3.7267760000000001)"
MONCLOA-ARAVACA,CIUDAD UNIVERSITARIA,MU-16,"438353,6148","4477177,554",-3.7269112,40.4429648,4456028091,40.4430141,-3.7268711,"(40.443014099999999, -3.7268710999999999)",,6.449,"(40.442964799999999, -3.7269112)"
MONCLOA-ARAVACA,CIUDAD UNIVERSITARIA,BA-31,"438438,6145","4477254,554",-3.7259165,40.4436648,4891499255,40.4436132,-3.7259587,"(40.443613200000001, -3.7259587000000001)",,6.76,"(40.443664800000001, -3.7259164999999999)"
MONCLOA-ARAVACA,CIUDAD UNIVERSITARIA,BA-31,"438392,615","4477283,554",-3.7264615,40.4439226,4131264341,40.443919,-3.7263767,"(40.443919000000001, -3.7263766999999999)",,7.189,"(40.443922600000001, -3.7264615000000001)"
MONCLOA-ARAVACA,CIUDAD UNIVERSITARIA,BA-31,"438408,6149","4477285,554",-3.7262732,40.4439418,4131264341,40.443919,-3.7263767,"(40.443919000000001, -3.7263766999999999)",,9.121,"(40.443941799999997, -3.7262732000000001)"
MONCLOA-ARAVACA,CIUDAD UNIVERSITARIA,BA-31,"438413,6149","4477301,554",-3.7262158,40.4440863,4131264344,40.4440198,-3.7261816,"(40.4440198, -3.7261815999999999)",,7.943,"(40.444086300000002, -3.7262157999999999)"
MONCLOA-ARAVACA,CIUDAD UNIVERSITARIA,BA-31,"438337,6155","4477306,555",-3.7271123,40.4441258,4456028090,40.444048,-3.7270544,"(40.444048000000002, -3.7270544000000001)",,9.945,"(40.444125800000002, -3.7271122999999999)"
MONCLOA-ARAVACA,CIUDAD UNIVERSITARIA,BA-31,"438331,6158","4477365,555",-3.7271888,40.4446569,4456028089,40.4447117,-3.7271859,"(40.444711699999999, -3.7271858999999998)",,6.1,"(40.444656899999998, -3.7271888)"
MONCLOA-ARAVACA,CIUDAD UNIVERSITARIA,BA-31,"438326,616","4477397,556",-3.7272508,40.4449448,4456027989,40.4448886,-3.7271991,"(40.444888599999999, -3.7271991)",,7.631,"(40.444944800000002, -3.7272508000000002)"
MONCLOA-ARAVACA,CIUDAD UNIVERSITARIA,BA-31,"438265,6175","4477624,557",-3.7279921,40.4469851,4456027389,40.4470453,-3.7280087,"(40.447045299999999, -3.7280087000000002)",,6.842,"(40.446985099999999, -3.7279920999999998)"
MONCLOA-ARAVACA,CIUDAD UNIVERSITARIA,BA-31,"438264,6175","4477637,557",-3.7280052,40.4471022,4456027389,40.4470453,-3.7280087,"(40.447045299999999, -3.7280087000000002)",,6.336,"(40.447102200000003, -3.7280052000000001)"
CHAMARTÍN,EL VISO,MU-16,"442251,5901","4477637,514",-3.6809927,40.4473882,5123432456,40.4473733,-3.6810791,"(40.447373300000002, -3.6810790999999998)",,7.499,"(40.447388199999999, -3.6809927)"
CHAMARTÍN,EL VISO,MU-16,"442270,5901","4477645,514",-3.6807694,40.4474616,5123432458,40.4475089,-3.6808191,"(40.447508900000003, -3.6808190999999999)",,6.736,"(40.447461599999997, -3.6807694)"
CHAMARTÍN,EL VISO,MU-16,"442223,5904","4477656,514",-3.6813246,40.4475575,5123491237,40.447617,-3.6812798,"(40.447617000000001, -3.6812798)",,7.627,"(40.447557500000002, -3.6813245999999999)"
CHAMARTÍN,EL VISO,MU-16,"442223,5904","4477657,514",-3.6813247,40.4475665,5123491237,40.447617,-3.6812798,"(40.447617000000001, -3.6812798)",,6.782,"(40.447566500000001, -3.6813246999999998)"
CHAMARTÍN,EL VISO,MU-16,"442238,5904","4477673,514",-3.6811493,40.4477116,5123491236,40.4477605,-3.6811396,"(40.447760500000001, -3.6811395999999998)",,5.501,"(40.447711599999998, -3.6811493)"
MONCLOA-ARAVACA,CIUDAD UNIVERSITARIA,BA-31,"438268,6185","4477860,558",-3.7279797,40.4491113,4119735472,40.4490959,-3.7280399,"(40.449095900000003, -3.7280399000000002)",,5.376,"(40.449111299999998, -3.7279797000000001)"
CHAMARTÍN,EL VISO,MU-17,"441579,5953","4477874,523",-3.6889383,40.4494764,3135976514,40.4494857,-3.6888348,"(40.449485699999997, -3.6888348)",,8.821,"(40.449476400000002, -3.6889382999999998)"
CHAMARTÍN,EL VISO,MU-17,"441582,5953","4477879,523",-3.6889034,40.4495216,3135976514,40.4494857,-3.6888348,"(40.449485699999997, -3.6888348)",,7.047,"(40.449521599999997, -3.6889034000000001)"
CHAMARTÍN,EL VISO,MU-17,"441588,5953","4477884,523",-3.6888331,40.4495671,3135976514,40.4494857,-3.6888348,"(40.449485699999997, -3.6888348)",,9.055,"(40.449567100000003, -3.6888331000000001)"
TETUÁN,CUATRO CAMINOS,MU-16,"440877,5926","4478330,442",-3.6972589,40.4535339,1728461411,40.4535774,-3.6971584,"(40.4535774, -3.6971584000000002)",,9.786,"(40.453533899999996, -3.6972589)"
TETUÁN,CUATRO CAMINOS,MU-16,"440883,5926","4478330,442",-3.6971881,40.4535343,1728461411,40.4535774,-3.6971584,"(40.4535774, -3.6971584000000002)",,5.413,"(40.453534300000001, -3.6971881)"
TETUÁN,CUATRO CAMINOS,MU-16,"440884,5927","4478341,442",-3.6971773,40.4536335,1728461411,40.4535774,-3.6971584,"(40.4535774, -3.6971584000000002)",,6.442,"(40.453633500000002, -3.6971772999999999)"
TETUÁN,CUATRO CAMINOS,MU-16,"440878,5927","4478343,442",-3.6972483,40.4536511,1728461423,40.4535804,-3.6972342,"(40.4535804, -3.6972342)",,7.954,"(40.453651100000002, -3.6972483)"
TETUÁN,CUATRO CAMINOS,MU-16,"440875,5939","4478556,443",-3.6973035,40.4555696,1728461566,40.455558,-3.6971938,"(40.455558000000003, -3.6971938)",,9.373,"(40.455569599999997, -3.6973034999999999)"
TETUÁN,CUATRO CAMINOS,MU-16,"440881,8138","4478560,643",-3.6972305,40.4556079,1728461566,40.455558,-3.6971938,"(40.455558000000003, -3.6971938)",,6.36,"(40.455607899999997, -3.6972304999999999)"
TETUÁN,CUATRO CAMINOS,MU-16,"440884,5939","4478574,443",-3.697199,40.4557324,1728461570,40.4557969,-3.6971589,"(40.455796900000003, -3.6971588999999998)",,7.936,"(40.455732400000002, -3.6971989999999999)"
TETUÁN,CUATRO CAMINOS,MU-16,"440887,594","4478589,443",-3.697165,40.4558678,1728461570,40.4557969,-3.6971589,"(40.455796900000003, -3.6971588999999998)",,7.903,"(40.4558678, -3.697165)"
TETUÁN,CUATRO CAMINOS,MU-16,"440879,5941","4478603,443",-3.6972607,40.4559933,1728461578,40.4560499,-3.6971739,"(40.456049899999996, -3.6971739000000001)",,9.675,"(40.455993300000003, -3.6972607000000002)"
TETUÁN,CUATRO CAMINOS,MU-16,"440888,594","4478603,443",-3.6971546,40.455994,1728461578,40.4560499,-3.6971739,"(40.456049899999996, -3.6971739000000001)",,6.429,"(40.455993999999997, -3.6971546000000002)"
TETUÁN,CUATRO CAMINOS,MU-16,"440880,5941","4478610,443",-3.6972496,40.4560565,1728461578,40.4560499,-3.6971739,"(40.456049899999996, -3.6971739000000001)",,6.449,"(40.456056500000003, -3.6972496000000001)"
TETUÁN,CUATRO CAMINOS,MU-16,"440880,5942","4478617,443",-3.6972502,40.4561195,1728461593,40.4561267,-3.6971677,"(40.456126699999999, -3.6971677000000001)",,7.028,"(40.4561195, -3.6972502)"
TETUÁN,CUATRO CAMINOS,MU-16,"440888,0041","4478623,773",-3.6971634,40.4561771,1728461593,40.4561267,-3.6971677,"(40.456126699999999, -3.6971677000000001)",,5.618,"(40.456177099999998, -3.6971634)"
TETUÁN,CUATRO CAMINOS,MU-16,"440883,9742","4478624,173",-3.697211,40.4561804,1728461593,40.4561267,-3.6971677,"(40.456126699999999, -3.6971677000000001)",,7.007,"(40.456180400000001, -3.6972109999999998)"
TETUÁN,BERRUGUETE,MU-17,"440385,5993","4478953,45",-3.7031192,40.4591111,2028066688,40.4591522,-3.7030149,"(40.459152199999998, -3.7030148999999999)",,9.94,"(40.459111100000001, -3.7031192000000002)"
TETUÁN,BERRUGUETE,MU-17,"440390,5993","4478954,45",-3.7030603,40.4591204,2028066688,40.4591522,-3.7030149,"(40.459152199999998, -3.7030148999999999)",,5.222,"(40.459120400000003, -3.7030603000000002)"
TETUÁN,BERRUGUETE,MU-17,"440388,5993","4478963,45",-3.7030848,40.4592014,2028066688,40.4591522,-3.7030149,"(40.459152199999998, -3.7030148999999999)",,8.059,"(40.459201399999998, -3.7030848000000001)"
TETUÁN,BERRUGUETE,MU-17,"440580,3795","4479251,159",-3.7008499,40.4618069,4635304573,40.4618322,-3.7009377,"(40.461832200000003, -3.7009376999999999)",,7.945,"(40.461806899999999, -3.7008499000000001)"
TETUÁN,BERRUGUETE,MU-17,"440551,5998","4479263,449",-3.7011905,40.4619156,4635304574,40.461966,-3.7011711,"(40.461965999999997, -3.7011710999999998)",,5.841,"(40.461915599999998, -3.7011905)"
TETUÁN,VALDEACEDERAS,MU-17,"440567,5998","4479283,449",-3.7010037,40.4620969,4635304575,40.4620539,-3.7010862,"(40.462053900000001, -3.7010862000000002)",,8.463,"(40.462096899999999, -3.7010036999999998)"
TETUÁN,VALDEACEDERAS,MU-17,"440562,5998","4479287,449",-3.701063,40.4621326,4635304575,40.4620539,-3.7010862,"(40.462053900000001, -3.7010862000000002)",,8.971,"(40.462132599999997, -3.701063)"
TETUÁN,BERRUGUETE,MU-17,"440522,5901","4479290,36",-3.7015352,40.4621559,4635304578,40.4622044,-3.7016092,"(40.462204399999997, -3.7016092)",,8.265,"(40.462155899999999, -3.7015351999999999)"
TETUÁN,VALDEACEDERAS,MU-17,"440496,7205","4479331,16",-3.7018441,40.4625216,4635304580,40.46248,-3.7018707,"(40.462479999999999, -3.7018707000000002)",,5.146,"(40.462521600000002, -3.7018441000000002)"
TETUÁN,BERRUGUETE,MU-17,"440431,801","4479351,561",-3.7026117,40.4627007,4635304583,40.4627681,-3.7026483,"(40.462768099999998, -3.7026482999999999)",,8.111,"(40.462700699999999, -3.7026116999999998)"
TETUÁN,VALDEACEDERAS,MU-16,"439950,6045","4479403,456",-3.708292,40.4631336,4275722581,40.463151,-3.7084009,"(40.463151000000003, -3.7084009)",,9.417,"(40.463133599999999, -3.7082920000000001)"
TETUÁN,VALDEACEDERAS,MU-16,"439935,6046","4479407,456",-3.7084693,40.4631686,4275722581,40.463151,-3.7084009,"(40.463151000000003, -3.7084009)",,6.11,"(40.463168600000003, -3.7084693)"
TETUÁN,VALDEACEDERAS,MU-16,"439918,6048","4479417,457",-3.7086708,40.4632574,4275722582,40.4632344,-3.7085632,"(40.463234399999997, -3.7085631999999999)",,9.458,"(40.463257400000003, -3.7086708000000002)"
TETUÁN,BERRUGUETE,MU-17,"440328,6021","4479423,452",-3.7038356,40.4633409,4635304587,40.4633872,-3.7038089,"(40.4633872, -3.7038088999999998)",,5.624,"(40.463340899999999, -3.7038356000000001)"
TETUÁN,VALDEACEDERAS,MU-17,"440278,6027","4479475,453",-3.7044303,40.4638058,4635305093,40.4638129,-3.7044948,"(40.463812900000001, -3.7044948)",,5.515,"(40.463805800000003, -3.7044302999999998)"
TETUÁN,BERRUGUETE,MU-17,"440217,4231","4479484,254",-3.7051527,40.4638806,4635305096,40.4638663,-3.7050516,"(40.463866299999999, -3.7050516)",,8.702,"(40.463880600000003, -3.7051527000000002)"
TETUÁN,VALDEACEDERAS,MU-17,"440158,6038","4479527,455",-3.7058505,40.4642656,4635305105,40.4642454,-3.705906,"(40.464245400000003, -3.7059060000000001)",,5.206,"(40.464265599999997, -3.7058504999999999)"
MONCLOA-ARAVACA,VALDEZARZA,BA-108,"438984,6219","4479617,558",-3.7197056,40.4649919,4102811152,40.4649785,-3.7196026,"(40.464978500000001, -3.7196026)",,8.843,"(40.464991900000001, -3.7197056000000002)"
MONCLOA-ARAVACA,VALDEZARZA,MU-16,"439078,6221","4479779,557",-3.7186125,40.4664582,3786662082,40.4665017,-3.7185883,"(40.466501700000002, -3.7185883)",,5.254,"(40.466458199999998, -3.7186124999999999)"
MONCLOA-ARAVACA,VALDEZARZA,MU-16,"439085,6221","4479781,557",-3.7185301,40.4664767,3786662082,40.4665017,-3.7185883,"(40.466501700000002, -3.7185883)",,5.656,"(40.466476700000001, -3.7185301000000002)"
MONCLOA-ARAVACA,VALDEZARZA,MU-16,"439115,6219","4479793,557",-3.7181774,40.466587,3786662094,40.466612,-3.7182335,"(40.466611999999998, -3.7182335000000002)",,5.502,"(40.466586999999997, -3.7181774000000001)"
MONCLOA-ARAVACA,VALDEZARZA,MU-16,"439071,6222","4479794,557",-3.7186965,40.4665928,3786662087,40.4665391,-3.7186609,"(40.466539099999999, -3.7186609000000002)",,6.69,"(40.466592800000001, -3.7186965000000001)"
MONCLOA-ARAVACA,VALDEZARZA,MU-16,"438962,6232","4479843,559",-3.7199869,40.4670262,3808728623,40.4670368,-3.7198885,"(40.467036800000002, -3.7198885000000002)",,8.41,"(40.467026199999999, -3.7199868999999999)"
MONCLOA-ARAVACA,VALDEZARZA,MU-16,"438963,6232","4479847,559",-3.7199755,40.4670623,3808728623,40.4670368,-3.7198885,"(40.467036800000002, -3.7198885000000002)",,7.889,"(40.467062300000002, -3.7199754999999999)"
MONCLOA-ARAVACA,VALDEZARZA,MU-16,"438844,6247","4479998,561",-3.7213936,40.4684138,4635277896,40.4683881,-3.7212957,"(40.468388099999999, -3.7212957000000002)",,8.763,"(40.4684138, -3.7213935999999999)"
MONCLOA-ARAVACA,VALDEZARZA,MU-16,"438796,625","4480004,561",-3.7219602,40.4684643,4635277898,40.4685107,-3.7218662,"(40.468510700000003, -3.7218662)",,9.482,"(40.468464300000001, -3.7219601999999998)"
MONCLOA-ARAVACA,VALDEZARZA,MU-16,"438797,625","4480009,561",-3.7219489,40.4685095,4635277898,40.4685107,-3.7218662,"(40.468510700000003, -3.7218662)",,6.999,"(40.468509500000003, -3.7219489000000001)"
MONCLOA-ARAVACA,VALDEZARZA,BA-87,"439000,6238","4480014,559",-3.7195551,40.4685694,3808730764,40.4686052,-3.7194788,"(40.468605199999999, -3.7194788000000001)",,7.585,"(40.4685694, -3.7195551)"
MONCLOA-ARAVACA,VALDEZARZA,BA-87,"438983,6239","4480030,559",-3.7197572,40.4687123,3808730768,40.4686585,-3.7197083,"(40.468658499999997, -3.7197083000000002)",,7.275,"(40.4687123, -3.7197572000000001)"
TETUÁN,VALDEACEDERAS,MU-16,"439806,6093","4480164,461",-3.7100625,40.4699786,4608256803,40.4699394,-3.7100275,"(40.469939400000001, -3.7100274999999998)",,5.271,"(40.469978599999997, -3.7100624999999998)"
TETUÁN,VALDEACEDERAS,MU-16,"440130,6072","4480169,457",-3.7062412,40.470047,5006925651,40.470036,-3.7063193,"(40.470036, -3.7063193000000001)",,6.721,"(40.470047000000001, -3.7062412)"
TETUÁN,VALDEACEDERAS,MU-16,"440175,607","4480171,457",-3.7057106,40.4700683,5006925647,40.4700768,-3.7056448,"(40.470076800000001, -3.7056448)",,5.647,"(40.470068300000001, -3.7057106000000002)"
TETUÁN,VALDEACEDERAS,MU-16,"439793,0995","4480186,301",-3.7102239,40.4701743,4608256802,40.4702188,-3.7102488,"(40.470218799999998, -3.7102488)",,5.379,"(40.470174299999996, -3.7102238999999999)"
TETUÁN,VALDEACEDERAS,MU-16,"439982,6083","4480201,459",-3.70799,40.4703246,5006925658,40.4703114,-3.7079287,"(40.4703114, -3.7079287000000001)",,5.391,"(40.470324599999998, -3.7079900000000001)"
TETUÁN,VALDEACEDERAS,MU-16,"440239,6067","4480199,456",-3.7049583,40.4703251,5006925649,40.4703257,-3.7050386,"(40.470325699999997, -3.7050386)",,6.795,"(40.470325099999997, -3.7049582999999999)"
TETUÁN,VALDEACEDERAS,MU-16,"440030,6082","4480230,459",-3.7074265,40.4705893,5006925655,40.4706196,-3.707525,"(40.470619599999999, -3.707525)",,8.99,"(40.4705893, -3.7074265)"
TETUÁN,VALDEACEDERAS,MU-16,"440085,6078","4480230,458",-3.7067778,40.4705933,5006927226,40.4706155,-3.7068357,"(40.470615500000001, -3.7068357000000001)",,5.486,"(40.470593299999997, -3.7067777999999998)"
TETUÁN,VALDEACEDERAS,MU-16,"440097,6078","4480230,458",-3.7066362,40.4705942,5006927227,40.4705798,-3.7067029,"(40.470579800000003, -3.7067028999999998)",,5.867,"(40.470594200000001, -3.7066362000000002)"
TETUÁN,VALDEACEDERAS,MU-16,"440224,6069","4480232,457",-3.7051384,40.4706213,5006925706,40.4706155,-3.7050533,"(40.470615500000001, -3.7050532999999999)",,7.23,"(40.470621299999998, -3.7051384000000001)"
TETUÁN,VALDEACEDERAS,MU-16,"440013,6083","4480237,459",-3.7076277,40.4706512,5006925655,40.4706196,-3.707525,"(40.470619599999999, -3.707525)",,9.374,"(40.470651199999999, -3.7076277000000002)"
TETUÁN,VALDEACEDERAS,MU-16,"440068,608","4480240,458",-3.7069792,40.4706822,5006927225,40.4707042,-3.7068786,"(40.4707042, -3.7068786)",,8.857,"(40.470682199999999, -3.7069792000000001)"
TETUÁN,VALDEACEDERAS,MU-16,"440223,607","4480243,457",-3.7051512,40.4707203,5006925707,40.4707603,-3.7051123,"(40.470760300000002, -3.7051123000000001)",,5.534,"(40.470720300000004, -3.7051512)"
TETUÁN,VALDEACEDERAS,,"439817,5309","4480248,351",-3.7099416,40.4707351,5008217018,40.4708175,-3.7099598,"(40.470817500000003, -3.7099598)",,9.294,"(40.470735099999999, -3.7099416000000001)"
TETUÁN,VALDEACEDERAS,,"439817,5309","4480248,351",-3.7099416,40.4707351,5008217018,40.4708175,-3.7099598,"(40.470817500000003, -3.7099598)",,9.294,"(40.470735099999999, -3.7099416000000001)"
TETUÁN,VALDEACEDERAS,,"439817,5309","4480248,351",-3.7099416,40.4707351,5008217018,40.4708175,-3.7099598,"(40.470817500000003, -3.7099598)",,9.294,"(40.470735099999999, -3.7099416000000001)"
TETUÁN,VALDEACEDERAS,,"439817,5309","4480248,351",-3.7099416,40.4707351,5008217018,40.4708175,-3.7099598,"(40.470817500000003, -3.7099598)",,9.294,"(40.470735099999999, -3.7099416000000001)"
TETUÁN,VALDEACEDERAS,MU-16,"439734,4802","4480249,192",-3.7109213,40.4707366,4608256806,40.4706628,-3.7109481,"(40.470662799999999, -3.7109481)",,8.516,"(40.470736600000002, -3.7109212999999999)"
MONCLOA-ARAVACA,VALDEZARZA,MU-17,"439044,6246","4480255,56",-3.7190593,40.4707437,3459875744,40.4707687,-3.7191152,"(40.470768700000001, -3.7191152000000001)",,5.487,"(40.4707437, -3.7190593000000001)"
TETUÁN,VALDEACEDERAS,MU-16,"440301,6065","4480246,456",-3.7042314,40.470753,5006925689,40.4708001,-3.7041467,"(40.470800099999998, -3.7041466999999999)",,8.877,"(40.470753000000002, -3.7042313999999998)"
TETUÁN,VALDEACEDERAS,MU-16,"440074,608","4480248,458",-3.7069092,40.4707547,5006927224,40.4708114,-3.7069161,"(40.470811400000002, -3.7069160999999999)",,6.333,"(40.470754700000001, -3.7069092000000001)"
MONCLOA-ARAVACA,VALDEZARZA,MU-17,"439021,6248","4480262,56",-3.7193312,40.470805,3459875746,40.4708271,-3.7192628,"(40.470827100000001, -3.7192628000000001)",,6.288,"(40.470804999999999, -3.7193312000000001)"
TETUÁN,VALDEACEDERAS,MU-16,"440190,6073","4480253,457",-3.7055414,40.4708081,5006925714,40.4708001,-3.7054744,"(40.470800099999998, -3.7054743999999999)",,5.739,"(40.470808099999999, -3.7055414)"
TETUÁN,VALDEACEDERAS,MU-16,"440071,6081","4480259,458",-3.7069456,40.4708535,5006927224,40.4708114,-3.7069161,"(40.470811400000002, -3.7069160999999999)",,5.306,"(40.470853499999997, -3.7069456000000001)"
TETUÁN,VALDEACEDERAS,MU-16,"440258,6069","4480261,456",-3.70474,40.470885,5006925691,40.4707991,-3.7047516,"(40.470799100000001, -3.7047515999999998)",,9.605,"(40.470885000000003, -3.7047400000000001)"
TETUÁN,VALDEACEDERAS,,"439832,7538","4480264,878",-3.7097637,40.4708851,5008217019,40.4709552,-3.7097432,"(40.470955199999999, -3.7097432000000001)",,7.988,"(40.470885099999997, -3.7097636999999999)"
TETUÁN,VALDEACEDERAS,,"439832,7538","4480264,878",-3.7097637,40.4708851,5008217019,40.4709552,-3.7097432,"(40.470955199999999, -3.7097432000000001)",,7.988,"(40.470885099999997, -3.7097636999999999)"
TETUÁN,VALDEACEDERAS,,"439832,7538","4480264,878",-3.7097637,40.4708851,5008217019,40.4709552,-3.7097432,"(40.470955199999999, -3.7097432000000001)",,7.988,"(40.470885099999997, -3.7097636999999999)"
TETUÁN,VALDEACEDERAS,,"439832,7538","4480264,878",-3.7097637,40.4708851,5008217019,40.4709552,-3.7097432,"(40.470955199999999, -3.7097432000000001)",,7.988,"(40.470885099999997, -3.7097636999999999)"
TETUÁN,VALDEACEDERAS,MU-16,"440291,6068","4480290,456",-3.7043535,40.4711486,5006925686,40.4711011,-3.704356,"(40.471101099999998, -3.7043560000000002)",,5.287,"(40.471148599999999, -3.7043534999999999)"
TETUÁN,VALDEACEDERAS,BA-42,"440034,3586","4480307,379",-3.7073896,40.4712825,5006925652,40.4712725,-3.7074499,"(40.471272499999998, -3.7074498999999999)",,5.222,"(40.471282500000001, -3.7073896)"
TETUÁN,VALDEACEDERAS,MU-16,"440083,6082","4480309,458",-3.7068088,40.4713048,5008123958,40.4712664,-3.7067552,"(40.471266399999998, -3.7067551999999999)",,6.23,"(40.471304799999999, -3.7068088000000001)"
TETUÁN,VALDEACEDERAS,MU-16,"440148,6379","4480319,878",-3.7060427,40.4714034,5006925669,40.4714082,-3.7061289,"(40.471408199999999, -3.7061288999999999)",,7.313,"(40.4714034, -3.7060426999999998)"
TETUÁN,VALDEACEDERAS,,"440167,4569","4480332,831",-3.7058219,40.4715214,5006925671,40.4715592,-3.7057829,"(40.471559200000002, -3.7057829)",,5.345,"(40.4715214, -3.7058219000000001)"
TETUÁN,VALDEACEDERAS,,"440167,4569","4480332,831",-3.7058219,40.4715214,5006925671,40.4715592,-3.7057829,"(40.471559200000002, -3.7057829)",,5.345,"(40.4715214, -3.7058219000000001)"
TETUÁN,VALDEACEDERAS,MU-16,"440240,6074","4480334,457",-3.7049592,40.4715413,5006925678,40.471499,-3.705048,"(40.471499000000001, -3.7050480000000001)",,8.865,"(40.471541299999998, -3.7049591999999998)"
TETUÁN,VALDEACEDERAS,MU-16,"440146,608","4480339,458",-3.7060685,40.4715796,5006925670,40.4715143,-3.7060189,"(40.471514300000003, -3.7060189000000001)",,8.388,"(40.471579599999998, -3.7060685000000002)"
TETUÁN,VALDEACEDERAS,MU-16,"440159,6179","4480341,708",-3.7059153,40.4716008,5006925672,40.4715337,-3.7059425,"(40.471533700000002, -3.7059424999999999)",,7.81,"(40.471600799999997, -3.7059153)"
FUENCARRAL-EL PARDO,PILAR,MU-16,"439536,622","4480358,554",-3.7132656,40.4717074,4608166167,40.4717343,-3.7131551,"(40.471734300000001, -3.7131550999999998)",,9.817,"(40.4717074, -3.7132656000000002)"
TETUÁN,ALMENARA,MU-16,"441049,6023","4480349,448",-3.6954179,40.4717342,3590492310,40.4717914,-3.6954974,"(40.471791400000001, -3.6954973999999998)",,9.259,"(40.4717342, -3.6954178999999998)"
FUENCARRAL-EL PARDO,PILAR,,"439551,6971","4480364,406",-3.7130883,40.4717613,4608166167,40.4717343,-3.7131551,"(40.471734300000001, -3.7131550999999998)",,6.4,"(40.471761299999997, -3.7130882999999999)"
FUENCARRAL-EL PARDO,PILAR,,"439551,6971","4480364,406",-3.7130883,40.4717613,4608166167,40.4717343,-3.7131551,"(40.471734300000001, -3.7131550999999998)",,6.4,"(40.471761299999997, -3.7130882999999999)"
FUENCARRAL-EL PARDO,PILAR,,"439551,6971","4480364,406",-3.7130883,40.4717613,4608166167,40.4717343,-3.7131551,"(40.471734300000001, -3.7131550999999998)",,6.4,"(40.471761299999997, -3.7130882999999999)"
FUENCARRAL-EL PARDO,PILAR,,"439551,6971","4480364,406",-3.7130883,40.4717613,4608166167,40.4717343,-3.7131551,"(40.471734300000001, -3.7131550999999998)",,6.4,"(40.471761299999997, -3.7130882999999999)"
FUENCARRAL-EL PARDO,PILAR,,"439551,6971","4480364,406",-3.7130883,40.4717613,4608166167,40.4717343,-3.7131551,"(40.471734300000001, -3.7131550999999998)",,6.4,"(40.471761299999997, -3.7130882999999999)"
FUENCARRAL-EL PARDO,PILAR,,"439551,6971","4480364,406",-3.7130883,40.4717613,4608166167,40.4717343,-3.7131551,"(40.471734300000001, -3.7131550999999998)",,6.4,"(40.471761299999997, -3.7130882999999999)"
FUENCARRAL-EL PARDO,PILAR,,"439551,6971","4480364,406",-3.7130883,40.4717613,4608166167,40.4717343,-3.7131551,"(40.471734300000001, -3.7131550999999998)",,6.4,"(40.471761299999997, -3.7130882999999999)"
FUENCARRAL-EL PARDO,PILAR,,"439551,6971","4480364,406",-3.7130883,40.4717613,4608166167,40.4717343,-3.7131551,"(40.471734300000001, -3.7131550999999998)",,6.4,"(40.471761299999997, -3.7130882999999999)"
FUENCARRAL-EL PARDO,PILAR,MU-16,"439551,6219","4480364,554",-3.7130893,40.4717625,4608166167,40.4717343,-3.7131551,"(40.471734300000001, -3.7131550999999998)",,6.39,"(40.471762499999997, -3.7130893)"
FUENCARRAL-EL PARDO,PILAR,MU-16,"439553,6219","4480368,554",-3.7130661,40.4717987,4608166168,40.4717819,-3.7131659,"(40.471781900000003, -3.7131658999999999)",,8.649,"(40.471798700000001, -3.7130660999999998)"
TETUÁN,VALDEACEDERAS,MU-16,"440426,6063","4480364,455",-3.702768,40.4718249,5008084757,40.4718306,-3.7026943,"(40.471830599999997, -3.7026943000000001)",,6.268,"(40.471824900000001, -3.7027679999999998)"
FUENCARRAL-EL PARDO,PILAR,MU-16,"439541,622","4480371,554",-3.7132079,40.4718249,4608166168,40.4717819,-3.7131659,"(40.471781900000003, -3.7131658999999999)",,5.958,"(40.471824900000001, -3.7132079)"
FUENCARRAL-EL PARDO,PILAR,MU-16,"439549,622","4480371,554",-3.7131135,40.4718255,4608166168,40.4717819,-3.7131659,"(40.471781900000003, -3.7131658999999999)",,6.571,"(40.471825500000001, -3.7131135)"
TETUÁN,ALMENARA,MU-17,"440647,6051","4480397,452",-3.7001642,40.472138,3489041956,40.4720838,-3.7001926,"(40.4720838, -3.7001925999999998)",,6.49,"(40.472138000000001, -3.7001642000000001)"
TETUÁN,ALMENARA,MU-16,"440488,6064","4480444,454",-3.7020442,40.47255,5008084755,40.4724968,-3.7021297,"(40.472496800000002, -3.7021297)",,9.346,"(40.472549999999998, -3.7020442)"
TETUÁN,ALMENARA,MU-17,"440711,605","4480451,452",-3.6994144,40.472629,3960252707,40.4726876,-3.6993798,"(40.4726876, -3.6993798)",,7.145,"(40.472628999999998, -3.6994144000000002)"
TETUÁN,ALMENARA,MU-17,"440713,605","4480465,452",-3.6993921,40.4727552,3960252707,40.4726876,-3.6993798,"(40.4726876, -3.6993798)",,7.591,"(40.472755200000002, -3.6993920999999999)"
FUENCARRAL-EL PARDO,PILAR,MU-16,"439470,6233","4480547,556",-3.7140622,40.4734053,4256810079,40.47335,-3.7139953,"(40.473350000000003, -3.7139953000000001)",,8.359,"(40.473405300000003, -3.7140621999999999)"
FUENCARRAL-EL PARDO,PILAR,MU-16,"439470,6233","4480548,556",-3.7140623,40.4734143,4256810079,40.47335,-3.7139953,"(40.473350000000003, -3.7139953000000001)",,9.126,"(40.473414300000002, -3.7140623000000001)"
FUENCARRAL-EL PARDO,PILAR,MU-16,"439478,6233","4480548,556",-3.7139679,40.4734149,4256810079,40.47335,-3.7139953,"(40.473350000000003, -3.7139953000000001)",,7.582,"(40.473414900000002, -3.7139679000000001)"
FUENCARRAL-EL PARDO,PILAR,MU-16,"439477,6233","4480551,556",-3.71398,40.4734418,4256810083,40.4733616,-3.7139881,"(40.473361599999997, -3.7139880999999999)",,8.947,"(40.473441800000003, -3.7139799999999998)"
FUENCARRAL-EL PARDO,PILAR,MU-16,"440423,6174","4480557,545",-3.7028214,40.4735642,4903992126,40.4734921,-3.7027623,"(40.473492100000001, -3.7027622999999998)",,9.451,"(40.473564199999998, -3.7028213999999999)"
FUENCARRAL-EL PARDO,PILAR,MU-16,"439455,6236","4480580,556",-3.7142423,40.4737014,4256810203,40.473637,-3.7141658,"(40.473636999999997, -3.7141658)",,9.654,"(40.473701400000003, -3.7142423)"
FUENCARRAL-EL PARDO,PILAR,MU-16,"439432,6243","4480682,557",-3.7145233,40.4746186,3961396203,40.4745749,-3.7144689,"(40.4745749, -3.7144689)",,6.694,"(40.474618599999999, -3.7145233000000002)"
BARAJAS,CASCO HISTÓRICO DE BARAJAS,MU-16,"450653,2067","4480707,215",-3.5821613,40.4755832,5139624354,40.4756315,-3.5821054,"(40.475631499999999, -3.5821054000000001)",,7.157,"(40.475583200000003, -3.5821613000000001)"
FUENCARRAL-EL PARDO,PILAR,MU-16,"439806,6233","4480959,554",-3.7101378,40.477141,2963645625,40.4771584,-3.7100293,"(40.4771584, -3.7100293)",,9.382,"(40.477141000000003, -3.7101378)"
FUENCARRAL-EL PARDO,PILAR,MU-16,"439815,6233","4480968,554",-3.7100325,40.4772228,2963645625,40.4771584,-3.7100293,"(40.4771584, -3.7100293)",,7.168,"(40.4772228, -3.7100325000000001)"
FUENCARRAL-EL PARDO,PEÑAGRANDE,MU-16,"439345,6279","4481305,56",-3.7156091,40.4802245,3964481569,40.4802758,-3.7156506,"(40.480275800000001, -3.7156506)",,6.7,"(40.480224499999998, -3.7156091)"
FUENCARRAL-EL PARDO,PEÑAGRANDE,MU-16,"439350,6278","4481307,56",-3.7155503,40.4802429,3964481569,40.4802758,-3.7156506,"(40.480275800000001, -3.7156506)",,9.241,"(40.4802429, -3.7155502999999999)"
FUENCARRAL-EL PARDO,PEÑAGRANDE,MU-16,"439335,628","4481314,561",-3.7157279,40.4803048,3964481569,40.4802758,-3.7156506,"(40.480275800000001, -3.7156506)",,7.292,"(40.480304799999999, -3.7157279000000001)"
FUENCARRAL-EL PARDO,PEÑAGRANDE,MU-16,"439345,6279","4481315,56",-3.71561,40.4803146,3964481569,40.4802758,-3.7156506,"(40.480275800000001, -3.7156506)",,5.516,"(40.4803146, -3.7156099999999999)"
FUENCARRAL-EL PARDO,PEÑAGRANDE,MU-16,"439348,6279","4481324,56",-3.7155755,40.4803959,3964481570,40.4803547,-3.7155362,"(40.480354699999999, -3.7155361999999998)",,5.662,"(40.480395899999998, -3.7155754999999999)"
FUENCARRAL-EL PARDO,PEÑAGRANDE,MU-16,"439347,628","4481327,56",-3.7155876,40.4804228,3964481570,40.4803547,-3.7155362,"(40.480354699999999, -3.7155361999999998)",,8.734,"(40.480422799999999, -3.7155876000000001)"
FUENCARRAL-EL PARDO,PEÑAGRANDE,MU-16,"439334,628","4481328,561",-3.7157411,40.4804309,3964481571,40.4803677,-3.7157807,"(40.480367700000002, -3.7157806999999998)",,7.787,"(40.480430900000002, -3.7157410999999998)"
FUENCARRAL-EL PARDO,PEÑAGRANDE,MU-16,"439346,628","4481339,56",-3.7156005,40.4805308,3964481572,40.4804597,-3.715665,"(40.480459699999997, -3.715665)",,9.608,"(40.480530799999997, -3.7156004999999999)"
FUENCARRAL-EL PARDO,EL GOLOSO,MU-16,"441095,6341","4484207,552",-3.6952336,40.5064927,4320366713,40.506456,-3.6951739,"(40.506456, -3.6951738999999999)",,6.493,"(40.506492700000003, -3.6952335999999999)"
FUENCARRAL-EL PARDO,EL GOLOSO,MU-16,"441102,6341","4484216,552",-3.6951518,40.5065742,4320366725,40.5065373,-3.6951068,"(40.506537299999998, -3.6951068)",,5.597,"(40.506574200000003, -3.6951518000000001)"
FUENCARRAL-EL PARDO,EL GOLOSO,MU-16,"440874,6358","4484282,555",-3.6978487,40.5071526,839123387,40.5070926,-3.6978287,"(40.5070926, -3.6978287000000001)",,6.885,"(40.507152599999998, -3.6978487000000002)"
FUENCARRAL-EL PARDO,EL GOLOSO,MU-16,"440860,6361","4484318,555",-3.6980173,40.507476,839123382,40.5074085,-3.6979885,"(40.507408499999997, -3.6979885000000001)",,7.893,"(40.507475999999997, -3.6980173000000001)"
FUENCARRAL-EL PARDO,EL PARDO,MU-16,"434148,6777","4485632,634",-3.7773681,40.5188077,3332492454,40.5187764,-3.7772779,"(40.5187764, -3.7772779000000001)",,8.384,"(40.518807700000004, -3.7773680999999999)"
FUENCARRAL-EL PARDO,EL PARDO,MU-16,"434177,6777","4485655,634",-3.7770282,40.5190172,3332492470,40.5189677,-3.7769967,"(40.518967699999997, -3.7769967000000002)",,6.116,"(40.5190172, -3.7770282000000002)"
FUENCARRAL-EL PARDO,EL PARDO,MU-16,"434093,6782","4485682,635",-3.7780226,40.5192538,3332417353,40.5191995,-3.7780074,"(40.519199499999999, -3.7780073999999999)",,6.175,"(40.519253800000001, -3.7780225999999999)"
FUENCARRAL-EL PARDO,EL PARDO,MU-16,"434097,6782","4485684,635",-3.7779755,40.5192721,3332417353,40.5191995,-3.7780074,"(40.519199499999999, -3.7780073999999999)",,8.514,"(40.519272100000002, -3.7779755000000002)"
