id_OSM,lat_OSM,lon_OSM,coord
51393158,40.4707934,-3.7061441,"(40.470793399999998, -3.7061440999999999)"
344102351,40.3982267,-3.6569817,"(40.398226700000002, -3.6569816999999998)"
839123382,40.5074085,-3.6979885,"(40.507408499999997, -3.6979885000000001)"
839123387,40.5070926,-3.6978287,"(40.5070926, -3.6978287000000001)"
847920962,40.4478729,-3.7405344,"(40.4478729, -3.7405344)"
849583465,40.4354844,-3.7352497,"(40.4354844, -3.7352496999999998)"
849583472,40.4409506,-3.7387254,"(40.440950600000001, -3.7387253999999999)"
849583491,40.4452363,-3.7392551,"(40.445236299999998, -3.7392550999999998)"
849583495,40.4509242,-3.7406442,"(40.450924200000003, -3.7406442000000002)"
849583503,40.4383501,-3.7375175,"(40.438350100000001, -3.7375175)"
849583520,40.4522938,-3.7392268,"(40.4522938, -3.7392268)"
849583521,40.4541285,-3.7391853,"(40.454128500000003, -3.7391852999999999)"
849583527,40.4371988,-3.7365694,"(40.437198799999997, -3.7365694)"
849583528,40.4498269,-3.7413175,"(40.449826899999998, -3.7413175000000001)"
849583538,40.4503751,-3.7406765,"(40.450375100000002, -3.7406765000000002)"
849583572,40.4430279,-3.7389048,"(40.443027899999997, -3.7389047999999998)"
849583586,40.4359205,-3.7355548,"(40.435920500000002, -3.7355548000000001)"
849583602,40.4392433,-3.73806,"(40.439243300000001, -3.7380599999999999)"
849583611,40.4442039,-3.7389694,"(40.444203899999998, -3.7389694000000002)"
849583663,40.4380741,-3.7372892,"(40.438074100000001, -3.7372892000000002)"
849583666,40.43485,-3.7348728,"(40.434849999999997, -3.7348728000000002)"
849583673,40.4374978,-3.7368087,"(40.437497800000003, -3.7368087000000001)"
849583679,40.4503036,-3.7407468,"(40.450303599999998, -3.7407468000000001)"
849583689,40.4399213,-3.7384303,"(40.439921300000002, -3.7384303000000001)"
849583697,40.4467515,-3.7399653,"(40.446751499999998, -3.7399653000000002)"
849583701,40.4497669,-3.7413372,"(40.4497669, -3.7413371999999998)"
1531843178,40.4037544,-3.7568431,"(40.403754399999997, -3.7568431000000002)"
1531843184,40.4037609,-3.7567794,"(40.403760900000002, -3.7567794000000001)"
1591330093,40.4304843,-3.6997505,"(40.430484300000003, -3.6997504999999999)"
1591330097,40.430525,-3.6996099,"(40.430525000000003, -3.6996099)"
1591330110,40.4305429,-3.699441,"(40.430542899999999, -3.6994410000000002)"
1591330113,40.4305556,-3.6996652,"(40.430555599999998, -3.6996652000000001)"
1591330115,40.4305581,-3.6997622,"(40.430558099999999, -3.6997621999999999)"
1591330121,40.4305976,-3.699441,"(40.430597599999999, -3.6994410000000002)"
1591330140,40.4306486,-3.6996585,"(40.430648599999998, -3.6996585)"
1591330141,40.4306638,-3.6994694,"(40.430663799999998, -3.6994693999999999)"
1595614371,40.3871479,-3.7599569,"(40.387147900000002, -3.7599569000000002)"
1595614372,40.3871745,-3.7597635,"(40.3871745, -3.7597635)"
1595614373,40.387229,-3.7596934,"(40.387228999999998, -3.7596934000000002)"
1596698109,40.4325672,-3.70142,"(40.432567200000001, -3.7014200000000002)"
1596698111,40.4326506,-3.7012341,"(40.432650600000002, -3.7012341000000002)"
1596698112,40.4327905,-3.7012651,"(40.432790500000003, -3.7012651000000001)"
1596698114,40.4328236,-3.7014841,"(40.432823599999999, -3.7014841000000001)"
1613028882,40.4126328,-3.7364487,"(40.412632799999997, -3.7364487)"
1623075032,40.4108251,-3.6936063,"(40.410825099999997, -3.6936062999999999)"
1634750484,40.4117684,-3.7114761,"(40.4117684, -3.7114761000000001)"
1634750486,40.4117798,-3.7112126,"(40.411779799999998, -3.7112126000000001)"
1645108323,40.4136478,-3.7332293,"(40.4136478, -3.7332293000000001)"
1645108325,40.4137433,-3.733497,"(40.4137433, -3.7334969999999998)"
1669117687,40.4084372,-3.7034368,"(40.408437200000002, -3.7034368)"
1728461320,40.4528949,-3.6961152,"(40.452894899999997, -3.6961151999999999)"
1728461322,40.4529125,-3.6963413,"(40.452912499999996, -3.6963412999999998)"
1728461325,40.4529213,-3.6967126,"(40.4529213, -3.6967126000000001)"
1728461328,40.4529301,-3.6968667,"(40.452930100000003, -3.6968667000000002)"
1728461333,40.452932,-3.6961717,"(40.452931999999997, -3.6961716999999998)"
1728461345,40.452936,-3.6962937,"(40.452936000000001, -3.6962937)"
1728461349,40.4529623,-3.6967408,"(40.452962300000003, -3.6967408000000002)"
1728461352,40.4529663,-3.6968218,"(40.4529663, -3.6968217999999999)"
1728461411,40.4535774,-3.6971584,"(40.4535774, -3.6971584000000002)"
1728461423,40.4535804,-3.6972342,"(40.4535804, -3.6972342)"
1728461424,40.4537045,-3.697143,"(40.453704500000001, -3.6971430000000001)"
1728461427,40.4537055,-3.697224,"(40.453705499999998, -3.6972239999999998)"
1728461443,40.453769,-3.6971417,"(40.453769000000001, -3.6971417)"
1728461451,40.4537739,-3.697215,"(40.453773900000002, -3.6972149999999999)"
1728461452,40.4538629,-3.6971405,"(40.453862899999997, -3.6971405000000002)"
1728461455,40.4538648,-3.6972008,"(40.453864799999998, -3.6972008000000001)"
1728461473,40.453946,-3.6971263,"(40.453946000000002, -3.6971262999999999)"
1728461481,40.4539479,-3.6971944,"(40.453947900000003, -3.6971943999999999)"
1728461483,40.4540125,-3.6971173,"(40.454012499999997, -3.6971172999999999)"
1728461493,40.4540154,-3.6971893,"(40.454015400000003, -3.6971892999999998)"
1728461511,40.4542168,-3.6970993,"(40.454216799999998, -3.6970993000000001)"
1728461515,40.4542207,-3.697179,"(40.4542207, -3.6971790000000002)"
1728461519,40.4543429,-3.6970865,"(40.4543429, -3.6970865000000002)"
1728461522,40.4543478,-3.6971674,"(40.454347800000001, -3.6971674000000001)"
1728461527,40.4544455,-3.6970762,"(40.454445499999999, -3.6970762000000001)"
1728461528,40.4544514,-3.6971533,"(40.454451400000004, -3.6971533000000001)"
1728461531,40.4545198,-3.6970775,"(40.4545198, -3.6970774999999998)"
1728461533,40.4545266,-3.6971469,"(40.454526600000001, -3.6971468999999999)"
1728461544,40.4546009,-3.6970659,"(40.454600900000003, -3.6970659000000001)"
1728461546,40.4546049,-3.6971315,"(40.4546049, -3.6971314999999998)"
1728461566,40.455558,-3.6971938,"(40.455558000000003, -3.6971938)"
1728461570,40.4557969,-3.6971589,"(40.455796900000003, -3.6971588999999998)"
1728461578,40.4560499,-3.6971739,"(40.456049899999996, -3.6971739000000001)"
1728461593,40.4561267,-3.6971677,"(40.456126699999999, -3.6971677000000001)"
1802463879,40.4591494,-3.7250888,"(40.459149400000001, -3.7250888)"
1802463892,40.4594066,-3.7253267,"(40.459406600000001, -3.7253267000000001)"
1802463903,40.4595425,-3.7252503,"(40.459542499999998, -3.7252502999999999)"
1802463907,40.4596615,-3.7251097,"(40.459661500000003, -3.7251097)"
1828866373,40.5011312,-3.6987488,"(40.501131200000003, -3.6987488000000002)"
1828866424,40.5015373,-3.6988455,"(40.501537300000003, -3.6988455)"
1890102262,40.4158698,-3.6730999,"(40.415869800000003, -3.6730999)"
1890102268,40.415927,-3.6730892,"(40.415927000000003, -3.6730892000000002)"
1890102291,40.4159147,-3.6734272,"(40.415914700000002, -3.6734271999999999)"
1890102293,40.4161496,-3.6727781,"(40.416149599999997, -3.6727780999999999)"
1890102303,40.4159862,-3.6730919,"(40.415986199999999, -3.6730919000000002)"
1890102318,40.4160269,-3.6733412,"(40.416026899999999, -3.6733411999999999)"
1890102321,40.4160412,-3.6732259,"(40.416041200000002, -3.6732258999999998)"
1890102328,40.4158718,-3.6734272,"(40.415871799999998, -3.6734271999999999)"
1890102337,40.4160475,-3.6731133,"(40.416047499999998, -3.6731132999999998)"
1890102351,40.4159718,-3.673427,"(40.415971800000001, -3.6734270000000002)"
1891204162,40.416254,-3.6719525,"(40.416254000000002, -3.6719525000000002)"
2001290827,40.4502389,-3.7259329,"(40.450238900000002, -3.7259329000000001)"
2001290833,40.4502333,-3.7260469,"(40.450233300000001, -3.7260469000000001)"
2001290839,40.4509837,-3.727154,"(40.450983700000002, -3.7271540000000001)"
2001290842,40.4500939,-3.7267972,"(40.450093899999999, -3.7267972)"
2001290870,40.4500694,-3.7269501,"(40.450069399999997, -3.7269500999999998)"
2001290888,40.4500266,-3.7267865,"(40.450026600000001, -3.7267864999999998)"
2001290914,40.4500428,-3.726019,"(40.450042799999999, -3.726019)"
2001290916,40.4500479,-3.7259,"(40.450047900000001, -3.7259000000000002)"
2001290924,40.4500102,-3.7269313,"(40.450010200000001, -3.7269312999999999)"
2001290955,40.4508715,-3.7271271,"(40.450871499999998, -3.7271271000000001)"
2028066688,40.4591522,-3.7030149,"(40.459152199999998, -3.7030148999999999)"
2137708364,40.4008313,-3.705414,"(40.4008313, -3.7054140000000002)"
2143246726,40.3923328,-3.7020676,"(40.392332799999998, -3.7020675999999999)"
2143246729,40.3930687,-3.7027275,"(40.393068700000001, -3.7027274999999999)"
2351691921,40.3998226,-3.7629453,"(40.3998226, -3.7629453000000002)"
2351691922,40.3998254,-3.7630341,"(40.399825399999997, -3.7630341)"
2351691923,40.3998936,-3.7629416,"(40.399893599999999, -3.7629416)"
2351691924,40.3998963,-3.7630303,"(40.399896300000002, -3.7630303000000001)"
2352895346,40.3881264,-3.7315356,"(40.388126399999997, -3.7315356)"
2352895347,40.3881839,-3.7314677,"(40.388183900000001, -3.7314677000000001)"
2352895352,40.3883825,-3.7311118,"(40.388382499999999, -3.7311117999999999)"
2375150818,40.4075992,-3.7352454,"(40.4075992, -3.7352454000000002)"
2375150819,40.4076816,-3.735222,"(40.407681599999997, -3.7352219999999998)"
2475564221,40.4041227,-3.7086479,"(40.404122700000002, -3.7086478999999999)"
2475564231,40.4041108,-3.7085283,"(40.404110799999998, -3.7085283000000002)"
2475564274,40.4041412,-3.708787,"(40.404141199999998, -3.7087870000000001)"
2475564287,40.4041843,-3.7088147,"(40.404184299999997, -3.7088147)"
2475564300,40.4042799,-3.708752,"(40.404279899999999, -3.708752)"
2475564314,40.4043011,-3.7086414,"(40.404301099999998, -3.7086413999999999)"
2475564327,40.4042327,-3.7085948,"(40.404232700000001, -3.7085948000000002)"
2631199039,40.404007,-3.756246,"(40.404007, -3.756246)"
2631199042,40.4040376,-3.7561777,"(40.404037600000002, -3.7561776999999998)"
2654505810,40.422592,-3.6142024,"(40.422592000000002, -3.6142023999999999)"
2764886798,40.4387809,-3.6545943,"(40.438780899999998, -3.6545942999999999)"
2764886800,40.4386847,-3.6546256,"(40.438684700000003, -3.6546256000000001)"
2764886803,40.4387566,-3.6546589,"(40.438756599999998, -3.6546588999999998)"
2764886807,40.438731,-3.6546483,"(40.438730999999997, -3.6546482999999998)"
2765191374,40.438871,-3.6513619,"(40.438870999999999, -3.6513618999999999)"
2765191376,40.4388515,-3.6513456,"(40.438851499999998, -3.6513456)"
2765191377,40.4388533,-3.6513818,"(40.438853299999998, -3.6513817999999998)"
2765191378,40.4387093,-3.6516841,"(40.438709299999999, -3.6516841000000002)"
2765191379,40.4386818,-3.651697,"(40.438681799999998, -3.651697)"
2765191382,40.4386773,-3.651732,"(40.438677300000002, -3.651732)"
2765191383,40.438712,-3.651725,"(40.438712000000002, -3.6517249999999999)"
2765191384,40.4386294,-3.6516139,"(40.438629400000003, -3.6516139000000001)"
2765191385,40.4385597,-3.6515509,"(40.438559699999999, -3.6515509000000002)"
2765191386,40.4386062,-3.6516608,"(40.438606200000002, -3.6516608000000002)"
2765191387,40.4385415,-3.6516017,"(40.438541499999999, -3.6516017000000001)"
2792879913,40.5041183,-3.6176122,"(40.504118300000002, -3.6176121999999999)"
2800668838,40.4387285,-3.6541993,"(40.438728500000003, -3.6541993000000002)"
2800668842,40.4387722,-3.6541097,"(40.438772200000002, -3.6541096999999998)"
2800668843,40.4388037,-3.6540397,"(40.438803700000001, -3.6540396999999998)"
2800668846,40.4388107,-3.6538978,"(40.438810699999998, -3.6538978000000002)"
2800668851,40.4388475,-3.6539515,"(40.438847500000001, -3.6539514999999998)"
2800668852,40.4388065,-3.6538936,"(40.438806499999998, -3.6538936)"
2800668853,40.4388434,-3.6539457,"(40.438843400000003, -3.6539457)"
2800668855,40.438686,-3.6541684,"(40.438685999999997, -3.6541684000000001)"
2800668856,40.4386803,-3.6541617,"(40.438680300000001, -3.6541617)"
2800668858,40.4387332,-3.6542053,"(40.438733200000001, -3.6542053000000001)"
2827800562,40.4245939,-3.6893069,"(40.424593899999998, -3.6893069000000001)"
2827800568,40.424647,-3.6895153,"(40.424647, -3.6895153000000001)"
2827800577,40.4247419,-3.6895119,"(40.424741900000001, -3.6895118999999998)"
2827800582,40.424801,-3.6893053,"(40.424801000000002, -3.6893053)"
2827800587,40.424847,-3.6895622,"(40.424847, -3.6895622000000001)"
2827800590,40.4248608,-3.689096,"(40.424860799999998, -3.6890960000000002)"
2827800593,40.4249062,-3.6893526,"(40.424906200000002, -3.6893525999999999)"
2827800597,40.4249206,-3.6888871,"(40.4249206, -3.6888871000000001)"
2827800600,40.4249454,-3.6897171,"(40.424945399999999, -3.6897171000000002)"
2827804102,40.4249645,-3.6891461,"(40.424964500000002, -3.6891460999999999)"
2827804114,40.4251556,-3.6892003,"(40.425155599999997, -3.6892003)"
2918070823,40.4092491,-3.7462603,"(40.409249099999997, -3.7462602999999999)"
2918070830,40.4100658,-3.745996,"(40.410065799999998, -3.7459959999999999)"
2918070831,40.4101043,-3.7462316,"(40.4101043, -3.7462316000000002)"
2963645625,40.4771584,-3.7100293,"(40.4771584, -3.7100293)"
2972892265,40.4401985,-3.7043077,"(40.440198500000001, -3.7043077000000002)"
3105315576,40.425295,-3.7040144,"(40.425294999999998, -3.7040144000000002)"
3105315577,40.4253301,-3.7039906,"(40.425330099999996, -3.7039906)"
3105315578,40.4253324,-3.7037629,"(40.425332400000002, -3.7037629000000001)"
3106170530,40.3543311,-3.712097,"(40.354331100000003, -3.712097)"
3106170536,40.3544752,-3.7123326,"(40.354475200000003, -3.7123325999999999)"
3106170577,40.3544158,-3.7122709,"(40.354415799999998, -3.7122709)"
3106170585,40.3541726,-3.7122951,"(40.354172599999998, -3.7122951)"
3135976514,40.4494857,-3.6888348,"(40.449485699999997, -3.6888348)"
3136517490,40.347024,-3.7156272,"(40.347023999999998, -3.7156272000000001)"
3136517505,40.3468932,-3.7156915,"(40.346893199999997, -3.7156915000000001)"
3136517518,40.3469873,-3.7157237,"(40.346987300000002, -3.7157236999999999)"
3136517521,40.3468586,-3.71578,"(40.346858599999997, -3.7157800000000001)"
3136517540,40.3467583,-3.7157559,"(40.346758299999998, -3.7157559)"
3136517551,40.3466971,-3.7158471,"(40.3466971, -3.7158471)"
3159536242,40.357998,-3.6848505,"(40.357998000000002, -3.6848505)"
3159536243,40.3580323,-3.6848089,"(40.358032299999998, -3.6848089000000002)"
3159536244,40.3580846,-3.6847567,"(40.358084599999998, -3.6847566999999999)"
3190384550,40.4097448,-3.70367,"(40.409744799999999, -3.7036699999999998)"
3224995088,40.4175516,-3.6809288,"(40.417551600000003, -3.6809287999999998)"
3224995089,40.4176265,-3.6812056,"(40.417626499999997, -3.6812056000000002)"
3224995960,40.417826,-3.6812802,"(40.417825999999998, -3.6812801999999998)"
3225000513,40.4179871,-3.6811772,"(40.417987099999998, -3.6811772)"
3255591961,40.4174627,-3.6822922,"(40.417462700000002, -3.6822922)"
3255591962,40.4174841,-3.6821897,"(40.417484100000003, -3.6821896999999999)"
3255591963,40.4175054,-3.6820872,"(40.417505400000003, -3.6820871999999998)"
3255591964,40.41753,-3.6823519,"(40.417529999999999, -3.6823519)"
3255591965,40.4175362,-3.681935,"(40.417536200000001, -3.6819350000000002)"
3255591966,40.4175758,-3.6817465,"(40.417575800000002, -3.6817465)"
3255591967,40.4175584,-3.6822545,"(40.417558399999997, -3.6822545)"
3255591968,40.4176153,-3.6815579,"(40.417615300000001, -3.6815579)"
3255591969,40.4175768,-3.6821524,"(40.417576799999999, -3.6821524000000001)"
3255591972,40.4176379,-3.6818713,"(40.417637900000003, -3.6818713000000001)"
3255591974,40.417674,-3.6817199,"(40.417673999999998, -3.6817199)"
3255591975,40.4176549,-3.6813694,"(40.417654900000002, -3.6813693999999999)"
3255591976,40.4177102,-3.6815685,"(40.417710200000002, -3.6815685)"
3255591979,40.4177464,-3.6814171,"(40.417746399999999, -3.6814171)"
3273102461,40.5208024,-3.7802746,"(40.520802400000001, -3.7802745999999998)"
3273102561,40.520956,-3.7803188,"(40.520955999999998, -3.7803187999999999)"
3273102562,40.5208472,-3.7802778,"(40.520847199999999, -3.7802777999999999)"
3332417350,40.5191529,-3.7779848,"(40.519152900000002, -3.7779848)"
3332417352,40.5191651,-3.7778951,"(40.519165100000002, -3.7778950999999998)"
3332417353,40.5191995,-3.7780074,"(40.519199499999999, -3.7780073999999999)"
3332417356,40.519221,-3.7779281,"(40.519221000000002, -3.7779281)"
3332492454,40.5187764,-3.7772779,"(40.5187764, -3.7772779000000001)"
3332492462,40.5188814,-3.7770563,"(40.518881399999998, -3.7770562999999999)"
3332492470,40.5189677,-3.7769967,"(40.518967699999997, -3.7769967000000002)"
3332492471,40.5189773,-3.777085,"(40.518977300000003, -3.777085)"
3353540088,40.5079774,-3.7704989,"(40.507977400000001, -3.7704989000000002)"
3353540090,40.5141803,-3.7748428,"(40.5141803, -3.7748428000000001)"
3353540092,40.5145195,-3.7755704,"(40.514519499999999, -3.7755703999999999)"
3391731537,40.4244857,-3.6888933,"(40.424485699999998, -3.6888933000000002)"
3391731544,40.4245383,-3.6891023,"(40.424538300000002, -3.6891023000000001)"
3428424994,40.4099691,-3.6924215,"(40.409969099999998, -3.6924215)"
3428424995,40.4102615,-3.6925125,"(40.410261499999997, -3.6925124999999999)"
3428424996,40.4105797,-3.6926018,"(40.4105797, -3.6926017999999998)"
3428424997,40.4109289,-3.6927015,"(40.410928900000002, -3.6927015000000001)"
3459875740,40.4705203,-3.7181775,"(40.470520299999997, -3.7181774999999999)"
3459875741,40.4705406,-3.7181228,"(40.4705406, -3.7181228000000002)"
3459875742,40.4705955,-3.7184633,"(40.470595500000002, -3.7184632999999998)"
3459875743,40.4706069,-3.7184157,"(40.4706069, -3.7184157)"
3459875744,40.4707687,-3.7191152,"(40.470768700000001, -3.7191152000000001)"
3459875746,40.4708271,-3.7192628,"(40.470827100000001, -3.7192628000000001)"
3489041956,40.4720838,-3.7001926,"(40.4720838, -3.7001925999999998)"
3489041957,40.4721087,-3.7001075,"(40.4721087, -3.7001075000000001)"
3556094293,40.3524922,-3.6965765,"(40.3524922, -3.6965764999999999)"
3556094298,40.3525113,-3.6966298,"(40.352511300000003, -3.6966298000000002)"
3556094309,40.3525325,-3.6966928,"(40.352532500000002, -3.6966928000000001)"
3556094317,40.3525577,-3.6966928,"(40.352557699999998, -3.6966928000000001)"
3556094334,40.3525796,-3.6966918,"(40.352579599999999, -3.6966918)"
3556094335,40.3525809,-3.6965781,"(40.3525809, -3.6965781)"
3556094336,40.3525809,-3.6966293,"(40.3525809, -3.6966293000000001)"
3590492177,40.4710717,-3.6980417,"(40.471071700000003, -3.6980417000000001)"
3590492180,40.4711986,-3.6982929,"(40.471198600000001, -3.6982929000000002)"
3590492182,40.4713619,-3.6984493,"(40.471361899999998, -3.6984493000000001)"
3590492187,40.4715688,-3.6987396,"(40.4715688, -3.6987396000000001)"
3590492192,40.4716481,-3.6989134,"(40.471648100000003, -3.6989133999999999)"
3590492300,40.4717562,-3.6990033,"(40.471756200000002, -3.6990033000000002)"
3590492309,40.4717889,-3.6955767,"(40.4717889, -3.6955767000000002)"
3590492310,40.4717914,-3.6954974,"(40.471791400000001, -3.6954973999999998)"
3590492363,40.4722741,-3.6988007,"(40.4722741, -3.6988007000000001)"
3590492369,40.472341,-3.6987643,"(40.472341, -3.6987643000000001)"
3590492373,40.4723546,-3.6986799,"(40.472354600000003, -3.6986799000000001)"
3613373068,40.4770239,-3.6861202,"(40.477023899999999, -3.6861202)"
3613373069,40.4771174,-3.6860915,"(40.477117399999997, -3.6860914999999999)"
3617686315,40.3531378,-3.7090052,"(40.353137799999999, -3.7090052)"
3617686316,40.353338,-3.7094069,"(40.353338000000001, -3.7094068999999998)"
3617686317,40.353505,-3.7098313,"(40.353504999999998, -3.7098312999999998)"
3627170073,40.3789154,-3.7271888,"(40.378915399999997, -3.7271888)"
3627378736,40.3448547,-3.7128183,"(40.344854699999999, -3.7128182999999999)"
3627378737,40.3448798,-3.7127653,"(40.344879800000001, -3.7127653)"
3631635593,40.412182,-3.717864,"(40.412182000000001, -3.7178640000000001)"
3632136770,40.4517823,-3.6755169,"(40.451782299999998, -3.6755168999999999)"
3637122590,40.3510335,-3.6953811,"(40.3510335, -3.6953811000000001)"
3637122591,40.3510528,-3.6952876,"(40.351052799999998, -3.6952875999999999)"
3637128597,40.3511177,-3.695485,"(40.351117700000003, -3.6954850000000001)"
3637128599,40.351149,-3.6950986,"(40.351148999999999, -3.6950986000000001)"
3637128606,40.3512139,-3.6952791,"(40.351213899999998, -3.6952791)"
3637128614,40.3513457,-3.6942234,"(40.351345700000003, -3.6942233999999998)"
3637128618,40.3513649,-3.6942796,"(40.3513649, -3.6942796000000002)"
3637128620,40.3513669,-3.6941678,"(40.351366900000002, -3.6941677999999998)"
3637128621,40.3513885,-3.6942578,"(40.351388499999999, -3.6942577999999999)"
3637128622,40.3513896,-3.6942022,"(40.351389599999997, -3.6942021999999999)"
3637128671,40.3516046,-3.6951182,"(40.351604600000002, -3.6951182)"
3637128673,40.3516061,-3.6953072,"(40.351606099999998, -3.6953071999999998)"
3637128682,40.3516174,-3.6942247,"(40.351617400000002, -3.6942246999999999)"
3637128688,40.351622,-3.6940441,"(40.351621999999999, -3.6940441000000002)"
3637128906,40.3516524,-3.6953409,"(40.351652399999999, -3.6953409000000002)"
3637128909,40.3516581,-3.6950874,"(40.351658100000002, -3.6950873999999998)"
3637128918,40.351686,-3.6942624,"(40.351686000000001, -3.6942623999999999)"
3637128919,40.3516916,-3.6940031,"(40.351691600000002, -3.6940031000000002)"
3637128932,40.3517201,-3.6953166,"(40.351720100000001, -3.6953166)"
3637128936,40.3517258,-3.6951173,"(40.351725799999997, -3.6951173000000002)"
3637128941,40.351746,-3.694228,"(40.351745999999999, -3.6942279999999998)"
3637128942,40.3517515,-3.6940494,"(40.351751499999999, -3.6940493999999999)"
3637128962,40.3518613,-3.6953138,"(40.351861300000003, -3.6953138000000001)"
3637128964,40.3518692,-3.6951323,"(40.351869200000003, -3.6951323)"
3637128965,40.3518736,-3.694234,"(40.351873599999998, -3.6942339999999998)"
3637128966,40.3518776,-3.6940547,"(40.351877600000002, -3.6940547000000001)"
3637128972,40.3519212,-3.6953465,"(40.3519212, -3.6953464999999999)"
3637128974,40.3519319,-3.6950892,"(40.351931899999997, -3.6950892)"
3637128979,40.3519542,-3.694275,"(40.351954200000002, -3.6942750000000002)"
3637128981,40.3519613,-3.6940071,"(40.351961299999999, -3.6940070999999999)"
3637128984,40.3519911,-3.6953203,"(40.351991099999999, -3.6953203000000001)"
3637128985,40.3519932,-3.6951257,"(40.351993200000003, -3.6951257000000002)"
3637128986,40.3520061,-3.6942346,"(40.352006099999997, -3.6942346000000001)"
3637128988,40.3520117,-3.6940501,"(40.352011699999998, -3.6940501000000001)"
3637129007,40.3521243,-3.6953187,"(40.3521243, -3.6953187000000001)"
3637129009,40.3521253,-3.6951367,"(40.352125299999997, -3.6951366999999999)"
3637129015,40.3521418,-3.6940573,"(40.352141799999998, -3.6940572999999999)"
3637129017,40.3521448,-3.6942346,"(40.352144799999998, -3.6942346000000001)"
3637129029,40.3521833,-3.695367,"(40.3521833, -3.6953670000000001)"
3637129030,40.3521853,-3.6950977,"(40.352185300000002, -3.6950976999999998)"
3637129036,40.3522048,-3.6942776,"(40.352204800000003, -3.6942775999999999)"
3637129037,40.3522053,-3.694019,"(40.352205300000001, -3.6940189999999999)"
3637129041,40.3522362,-3.6953246,"(40.3522362, -3.6953246000000002)"
3637129042,40.3522438,-3.6951354,"(40.352243799999997, -3.6951353999999998)"
3637129043,40.3522613,-3.6942393,"(40.352261300000002, -3.6942393)"
3637129045,40.3522653,-3.6940573,"(40.352265299999999, -3.6940572999999999)"
3637129060,40.3523789,-3.6953385,"(40.352378899999998, -3.6953385000000001)"
3637129061,40.3523804,-3.6951427,"(40.352380400000001, -3.6951426999999999)"
3637129064,40.3524039,-3.6940626,"(40.352403899999999, -3.6940626000000001)"
3637129068,40.352409,-3.6942512,"(40.352409000000002, -3.6942512000000001)"
3637129082,40.3524515,-3.695105,"(40.352451500000001, -3.6951049999999999)"
3637129085,40.352456,-3.6953742,"(40.352455999999997, -3.6953741999999998)"
3637129092,40.3524745,-3.6942823,"(40.3524745, -3.6942822999999998)"
3637129196,40.3524821,-3.6940223,"(40.352482100000003, -3.6940222999999999)"
3637129199,40.3525135,-3.6953405,"(40.352513500000001, -3.6953404999999999)"
3637129200,40.3525165,-3.6951447,"(40.3525165, -3.6951447000000002)"
3637129202,40.3525355,-3.6942505,"(40.352535500000002, -3.6942504999999999)"
3637129205,40.3525416,-3.6940686,"(40.352541600000002, -3.6940686)"
3645183690,40.4715232,-3.6896064,"(40.4715232, -3.6896064000000002)"
3645183691,40.4715415,-3.6896795,"(40.471541500000001, -3.6896795)"
3645184693,40.4715622,-3.6897296,"(40.471562200000001, -3.6897296000000002)"
3645184696,40.4716108,-3.6895602,"(40.471610800000001, -3.6895601999999998)"
3645184697,40.4716121,-3.6898242,"(40.471612100000002, -3.6898241999999999)"
3645184698,40.471625,-3.6896283,"(40.471625000000003, -3.6896282999999999)"
3645184699,40.4716369,-3.6896844,"(40.4716369, -3.6896844)"
3645184700,40.4716543,-3.6897875,"(40.471654299999997, -3.6897875)"
3663324549,40.4444903,-3.7096891,"(40.444490299999998, -3.7096890999999999)"
3663324550,40.4447079,-3.7093471,"(40.444707899999997, -3.7093471)"
3663324551,40.4448788,-3.709082,"(40.444878799999998, -3.709082)"
3663324552,40.4450139,-3.7088666,"(40.445013899999999, -3.7088665999999999)"
3666910216,40.4095255,-3.7038285,"(40.409525500000001, -3.7038285000000002)"
3666910217,40.4095437,-3.7038396,"(40.4095437, -3.7038395999999998)"
3666910218,40.4095632,-3.7038514,"(40.409563200000001, -3.7038514)"
3666910219,40.4095814,-3.7038625,"(40.4095814, -3.7038625000000001)"
3666910220,40.4096008,-3.7038744,"(40.4096008, -3.7038744000000001)"
3666910221,40.4096137,-3.7035898,"(40.409613700000001, -3.7035898)"
3666910222,40.4096195,-3.7038857,"(40.409619499999998, -3.7038856999999998)"
3666910223,40.4096299,-3.7035998,"(40.409629899999999, -3.7035998000000001)"
3666910224,40.4096373,-3.7038966,"(40.4096373, -3.7038966000000002)"
3666922925,40.4096572,-3.7039087,"(40.409657199999998, -3.7039086999999999)"
3666922926,40.40967,-3.7036243,"(40.409669999999998, -3.7036243)"
3666922927,40.409676,-3.7039202,"(40.409675999999997, -3.7039202000000002)"
3666922928,40.4096887,-3.7036357,"(40.409688699999997, -3.7036357)"
3666922929,40.4096944,-3.7039314,"(40.409694399999999, -3.7039314000000001)"
3666922930,40.4097059,-3.7036462,"(40.409705899999999, -3.7036462000000001)"
3666922931,40.4097148,-3.7039438,"(40.409714800000003, -3.7039437999999998)"
3666922932,40.4097316,-3.7039541,"(40.409731600000001, -3.7039540999999998)"
3666922933,40.409732,-3.7033867,"(40.409731999999998, -3.7033866999999998)"
3666922934,40.409751,-3.7033963,"(40.409751, -3.7033963000000001)"
3666922935,40.4097573,-3.7033147,"(40.409757300000003, -3.7033147)"
3666922936,40.4097644,-3.703682,"(40.4097644, -3.7036820000000001)"
3666922937,40.4097723,-3.7034071,"(40.4097723, -3.7034071000000002)"
3666922938,40.4097748,-3.7033257,"(40.409774800000001, -3.7033257000000002)"
3666922939,40.4097813,-3.7036924,"(40.409781299999999, -3.7036924)"
3666922940,40.4097964,-3.7033394,"(40.409796399999998, -3.7033393999999999)"
3666922941,40.4098112,-3.7033487,"(40.4098112, -3.7033486999999998)"
3666922942,40.4098198,-3.7037159,"(40.409819800000001, -3.7037159000000002)"
3666922943,40.4098312,-3.7033613,"(40.409831199999999, -3.7033613000000001)"
3666922944,40.4098504,-3.7033735,"(40.409850400000003, -3.7033735000000001)"
3666922945,40.4098867,-3.7033963,"(40.409886700000001, -3.7033963000000001)"
3666922946,40.409908,-3.7034098,"(40.409908000000001, -3.7034098000000002)"
3666922947,40.4099256,-3.7034209,"(40.409925600000001, -3.7034208999999998)"
3720035873,40.4412636,-3.7265595,"(40.441263599999999, -3.7265595)"
3786662082,40.4665017,-3.7185883,"(40.466501700000002, -3.7185883)"
3786662087,40.4665391,-3.7186609,"(40.466539099999999, -3.7186609000000002)"
3786662088,40.4665541,-3.7185602,"(40.466554100000003, -3.7185602000000002)"
3786662089,40.4665742,-3.7180518,"(40.466574199999997, -3.7180518)"
3786662093,40.4666081,-3.7180518,"(40.466608100000002, -3.7180518)"
3786662094,40.466612,-3.7182335,"(40.466611999999998, -3.7182335000000002)"
3786662097,40.4666285,-3.7181519,"(40.466628499999999, -3.7181519000000001)"
3786662098,40.4666433,-3.7184133,"(40.466643300000001, -3.7184132999999999)"
3786662099,40.4666489,-3.7182481,"(40.466648900000003, -3.7182480999999998)"
3786662102,40.4666659,-3.7183393,"(40.466665900000002, -3.7183392999999998)"
3786662103,40.466668,-3.7185369,"(40.466667999999999, -3.7185369000000001)"
3786662104,40.4666877,-3.718449,"(40.466687700000001, -3.7184490000000001)"
3786662106,40.466709,-3.7185746,"(40.466709000000002, -3.7185746000000002)"
3808728623,40.4670368,-3.7198885,"(40.467036800000002, -3.7198885000000002)"
3808728632,40.4674852,-3.7196828,"(40.467485199999999, -3.7196828000000002)"
3808730764,40.4686052,-3.7194788,"(40.468605199999999, -3.7194788000000001)"
3808730766,40.4686299,-3.7195832,"(40.468629900000003, -3.7195832000000002)"
3808730768,40.4686585,-3.7197083,"(40.468658499999997, -3.7197083000000002)"
3808730787,40.4691258,-3.7191317,"(40.4691258, -3.7191317000000002)"
3808730800,40.4693601,-3.7191468,"(40.469360100000003, -3.7191467999999999)"
3851551082,40.3983098,-3.7142218,"(40.3983098, -3.7142217999999998)"
3851551085,40.3983352,-3.7141374,"(40.398335199999998, -3.7141373999999998)"
3851551087,40.3983567,-3.7142514,"(40.398356700000001, -3.7142514000000002)"
3851551090,40.3984012,-3.7142003,"(40.398401200000002, -3.7142002999999999)"
3851954974,40.3983805,-3.715887,"(40.398380500000002, -3.7158869999999999)"
3851977764,40.3986945,-3.7156503,"(40.398694499999998, -3.7156503000000001)"
3851977768,40.3987517,-3.7156766,"(40.398751699999998, -3.7156766000000001)"
3851977789,40.3989096,-3.7156321,"(40.398909600000003, -3.7156321000000001)"
3851977794,40.3989659,-3.7155919,"(40.3989659, -3.7155919000000002)"
3851977795,40.3989777,-3.7156909,"(40.398977700000003, -3.7156908999999998)"
3851995761,40.3984129,-3.7158301,"(40.398412899999997, -3.7158300999999998)"
3851995763,40.3984615,-3.7158952,"(40.398461500000003, -3.7158951999999998)"
3867168978,40.3587179,-3.6998657,"(40.358717900000002, -3.6998657000000001)"
3867168995,40.3588695,-3.7004316,"(40.358869499999997, -3.7004315999999999)"
3867169004,40.3589244,-3.7001731,"(40.358924399999999, -3.7001731000000002)"
3867169006,40.3589287,-3.6999158,"(40.3589287, -3.6999157999999999)"
3867169015,40.3589509,-3.7008695,"(40.358950900000004, -3.7008695)"
3867169017,40.3589656,-3.7009307,"(40.358965599999998, -3.7009306999999998)"
3867169031,40.3590406,-3.7006477,"(40.3590406, -3.7006477000000002)"
3867169035,40.3590545,-3.7005521,"(40.359054499999999, -3.7005520999999999)"
3867169043,40.3590666,-3.7004463,"(40.359066599999998, -3.7004462999999999)"
3867169048,40.3590788,-3.6996369,"(40.359078799999999, -3.6996368999999998)"
3867170963,40.3591545,-3.7010434,"(40.359154500000002, -3.7010434000000001)"
3867170971,40.3591789,-3.7013584,"(40.359178900000003, -3.7013584000000002)"
3867170983,40.3592071,-3.6994127,"(40.359207099999999, -3.6994126999999999)"
3867170984,40.3592089,-3.699794,"(40.359208899999999, -3.6997939999999998)"
3867170986,40.3592109,-3.7010981,"(40.359210900000001, -3.7010980999999998)"
3867170993,40.3592522,-3.6996472,"(40.3592522, -3.6996471999999998)"
3867170998,40.3592649,-3.7011641,"(40.359264899999999, -3.7011641000000002)"
3867171003,40.3592908,-3.70153,"(40.359290799999997, -3.70153)"
3867171009,40.3593199,-3.6997587,"(40.359319900000003, -3.6997586999999998)"
3867171015,40.3593508,-3.7008309,"(40.359350800000001, -3.7008309000000001)"
3867171016,40.359352,-3.6993273,"(40.359352000000001, -3.6993273000000002)"
3867171020,40.3593546,-3.7014978,"(40.359354600000003, -3.7014977999999998)"
3867171023,40.3593589,-3.7001708,"(40.359358899999997, -3.7001708)"
3867171029,40.3593728,-3.7006068,"(40.359372800000003, -3.7006068000000001)"
3867171031,40.3593828,-3.7017473,"(40.359382799999999, -3.7017473000000001)"
3867171040,40.359417,-3.7008035,"(40.359417000000001, -3.7008035000000001)"
3867171041,40.3594231,-3.6993228,"(40.359423100000001, -3.6993228)"
3867171051,40.3594868,-3.7012207,"(40.359486799999999, -3.7012206999999999)"
3867171257,40.3595116,-3.7017457,"(40.359511599999998, -3.7017457)"
3867171259,40.3595177,-3.6999568,"(40.359517699999998, -3.6999567999999998)"
3867171260,40.3595181,-3.701306,"(40.359518100000003, -3.7013060000000002)"
3867171262,40.3595202,-3.7004,"(40.359520199999999, -3.7004000000000001)"
3867171267,40.3596061,-3.6993865,"(40.359606100000001, -3.6993865000000001)"
3867171268,40.3596148,-3.6995857,"(40.359614800000003, -3.6995857000000001)"
3867171269,40.3596152,-3.7016896,"(40.3596152, -3.7016895999999999)"
3867171272,40.3596282,-3.7014813,"(40.359628200000003, -3.7014813000000002)"
3867171274,40.359633,-3.7000399,"(40.359633000000002, -3.7000399000000002)"
3867171275,40.3596365,-3.700156,"(40.359636500000001, -3.7001559999999998)"
3867171277,40.3596453,-3.7008523,"(40.359645299999997, -3.7008523000000002)"
3867171280,40.3596662,-3.7015992,"(40.359666199999999, -3.7015992)"
3867171282,40.3596932,-3.7003227,"(40.359693200000002, -3.7003227000000001)"
3867171283,40.3596963,-3.6993899,"(40.359696300000003, -3.6993898999999999)"
3867171284,40.3597019,-3.7014119,"(40.359701899999997, -3.7014119000000001)"
3867171286,40.3597219,-3.7011182,"(40.359721899999997, -3.7011181999999998)"
3867171289,40.3597496,-3.7012924,"(40.359749600000001, -3.7012923999999998)"
3867171301,40.3597978,-3.6992271,"(40.359797800000003, -3.6992270999999999)"
3867171302,40.3598073,-3.7016234,"(40.3598073, -3.7016233999999999)"
3867171304,40.3598134,-3.700767,"(40.3598134, -3.7007669999999999)"
3867171307,40.3598221,-3.6995322,"(40.359822100000002, -3.6995322000000002)"
3867171316,40.3598794,-3.6995356,"(40.359879399999997, -3.6995355999999999)"
3867171325,40.3599548,-3.6994491,"(40.359954799999997, -3.6994490999999998)"
3867171334,40.3600268,-3.6996198,"(40.3600268, -3.6996197999999998)"
3867171339,40.3600867,-3.6995368,"(40.360086699999997, -3.6995368000000002)"
3867171340,40.360104,-3.6994389,"(40.360104, -3.6994389000000001)"
3867171341,40.3601057,-3.6989471,"(40.360105699999998, -3.6989470999999998)"
3867171348,40.3601508,-3.6991361,"(40.3601508, -3.6991361)"
3867171352,40.3601829,-3.6998885,"(40.360182899999998, -3.6998885000000001)"
3867171356,40.360209,-3.7005612,"(40.360208999999998, -3.7005612000000001)"
3867171358,40.3602385,-3.7006637,"(40.360238500000001, -3.7006636999999998)"
3867171359,40.3602575,-3.6995254,"(40.360257500000003, -3.6995254000000002)"
3867171372,40.360333,-3.7001344,"(40.360332999999997, -3.7001344)"
3867171376,40.3603495,-3.7003688,"(40.360349499999998, -3.7003688000000001)"
3867171401,40.3605108,-3.7005828,"(40.3605108, -3.7005827999999998)"
3867171402,40.3605117,-3.7004087,"(40.360511700000004, -3.7004087000000001)"
3889050349,40.35959,-3.7005729,"(40.359589999999997, -3.7005729000000001)"
3889050351,40.3596236,-3.7006585,"(40.359623599999999, -3.7006584999999999)"
3889050354,40.3596532,-3.7005418,"(40.359653199999997, -3.7005417999999999)"
3889050356,40.3596799,-3.7006313,"(40.359679900000003, -3.7006313)"
3889050659,40.3597164,-3.700512,"(40.359716400000003, -3.7005119999999998)"
3889050661,40.3597362,-3.700604,"(40.3597362, -3.7006039999999998)"
3889050676,40.359916,-3.7010098,"(40.359915999999998, -3.7010098)"
3889050686,40.3600819,-3.7014427,"(40.360081899999997, -3.7014426999999999)"
3889050687,40.3600928,-3.7012431,"(40.360092799999997, -3.7012431000000001)"
3889050697,40.3602261,-3.7013585,"(40.360226099999998, -3.7013585)"
3889050709,40.3604069,-3.7010059,"(40.360406900000001, -3.7010059000000002)"
3889050720,40.3605363,-3.7011575,"(40.3605363, -3.7011574999999999)"
3889050724,40.3605876,-3.7008801,"(40.360587600000002, -3.7008801)"
3889050727,40.3606439,-3.7010837,"(40.360643899999999, -3.7010836999999999)"
3891884036,40.3572679,-3.7011742,"(40.357267899999997, -3.7011742000000001)"
3891888546,40.3586219,-3.7006763,"(40.358621900000003, -3.7006763)"
3891888550,40.3586648,-3.7008266,"(40.3586648, -3.7008266000000001)"
3891888553,40.3586925,-3.7006454,"(40.358692499999997, -3.7006454)"
3891888557,40.358716,-3.7005226,"(40.358716000000001, -3.7005226000000002)"
3891888559,40.3587323,-3.7007957,"(40.3587323, -3.7007957)"
3893456801,40.3579011,-3.7025572,"(40.357901099999999, -3.7025572000000002)"
3893456812,40.3581527,-3.7024442,"(40.358152699999998, -3.7024442)"
3893456833,40.3585623,-3.6999239,"(40.358562300000003, -3.6999238999999999)"
3893456851,40.3587224,-3.7021905,"(40.358722399999998, -3.7021904999999999)"
3893460369,40.3588574,-3.7021312,"(40.358857399999998, -3.7021312000000002)"
3893460375,40.3589708,-3.7014834,"(40.358970800000002, -3.7014833999999999)"
3893460381,40.3590482,-3.7017609,"(40.359048199999997, -3.7017609)"
3893460396,40.3591276,-3.7014103,"(40.359127600000001, -3.7014103)"
3893460402,40.3591988,-3.7016919,"(40.359198800000001, -3.7016919000000001)"
3893460403,40.3592235,-3.7019383,"(40.359223499999999, -3.7019383000000001)"
3895147568,40.3573452,-3.701266,"(40.357345199999997, -3.7012659999999999)"
3895147570,40.3573789,-3.7013975,"(40.3573789, -3.7013975000000001)"
3895147580,40.3574219,-3.7012311,"(40.357421899999999, -3.7012311000000002)"
3895147589,40.3574525,-3.7013626,"(40.357452500000001, -3.7013625999999999)"
3895147606,40.3575814,-3.7014122,"(40.357581400000001, -3.7014122)"
3895147610,40.3576304,-3.7016085,"(40.357630399999998, -3.7016084999999999)"
3895147612,40.357654,-3.7012968,"(40.357653999999997, -3.7012968000000002)"
3895147618,40.357739,-3.7027888,"(40.357739000000002, -3.7027888)"
3895147619,40.3577471,-3.7012566,"(40.357747099999997, -3.7012565999999998)"
3895147620,40.3577594,-3.7028667,"(40.357759399999999, -3.7028667)"
3895147624,40.3578258,-3.7012163,"(40.357825800000001, -3.7012163)"
3895147628,40.3578586,-3.7026882,"(40.3578586, -3.7026881999999999)"
3895147629,40.3578718,-3.7012834,"(40.357871799999998, -3.7012833999999999)"
3895147633,40.3579087,-3.7028814,"(40.357908700000003, -3.7028813999999999)"
3895147634,40.3579276,-3.7014794,"(40.357927599999996, -3.7014794000000002)"
3895147638,40.3579843,-3.7009667,"(40.357984299999998, -3.7009666999999999)"
3895147639,40.3579844,-3.7026305,"(40.357984399999999, -3.7026305000000002)"
3895147642,40.3580252,-3.701113,"(40.3580252, -3.7011129999999999)"
3895147643,40.3580314,-3.7028022,"(40.358031400000002, -3.7028021999999998)"
3895147645,40.35806,-3.7009345,"(40.358060000000002, -3.7009344999999998)"
3895147648,40.3580978,-3.7010808,"(40.358097800000003, -3.7010808000000002)"
3895147650,40.3581122,-3.7025714,"(40.358112200000001, -3.7025714000000001)"
3895147651,40.3581132,-3.7011734,"(40.358113199999998, -3.7011734000000001)"
3895147654,40.3581572,-3.7027258,"(40.358157200000001, -3.7027258000000001)"
3895147655,40.3581604,-3.7013722,"(40.358160400000003, -3.7013721999999998)"
3895147660,40.3582401,-3.7025137,"(40.358240100000003, -3.7025136999999999)"
3895147663,40.3582769,-3.7026493,"(40.3582769, -3.7026493)"
3895147665,40.358297,-3.7010077,"(40.358297, -3.7010076999999999)"
3895147668,40.3583447,-3.7010684,"(40.358344700000004, -3.7010684)"
3895147670,40.3583669,-3.7024533,"(40.3583669, -3.7024533000000002)"
3895147672,40.3583811,-3.7009694,"(40.358381100000003, -3.7009694)"
3895147674,40.3584027,-3.7012697,"(40.358402699999999, -3.7012697000000001)"
3895147678,40.358465,-3.7009305,"(40.358465000000002, -3.7009305000000001)"
3895147682,40.3584998,-3.7023996,"(40.358499799999997, -3.7023996000000001)"
3895147686,40.3585949,-3.7009565,"(40.3585949, -3.7009565000000002)"
3895147690,40.358642,-3.7011605,"(40.358642000000003, -3.7011604999999999)"
3902981398,40.3556771,-3.7019004,"(40.355677100000001, -3.7019004)"
3902981413,40.3557545,-3.7019922,"(40.355754500000003, -3.7019921999999998)"
3902981420,40.3557882,-3.7021237,"(40.355788199999999, -3.7021237)"
3902981432,40.3558312,-3.7019573,"(40.355831199999997, -3.7019573000000001)"
3902981441,40.3558618,-3.7020888,"(40.3558618, -3.7020887999999998)"
3902981572,40.3559778,-3.7021307,"(40.355977799999998, -3.7021307000000001)"
3902981582,40.3560265,-3.7023325,"(40.356026499999999, -3.7023324999999998)"
3902981587,40.3560474,-3.7020174,"(40.356047400000001, -3.7020173999999999)"
3902981609,40.3561416,-3.7019887,"(40.356141600000001, -3.7019886999999998)"
3902981621,40.3562232,-3.701945,"(40.356223200000002, -3.7019449999999998)"
3902981630,40.3562682,-3.7020019,"(40.356268200000002, -3.7020019)"
3902981642,40.3563237,-3.7022034,"(40.356323699999997, -3.7022034000000001)"
3902981648,40.3563817,-3.7016948,"(40.3563817, -3.7016947999999998)"
3902981654,40.3564185,-3.7018365,"(40.356418499999997, -3.7018365000000002)"
3902981759,40.3564587,-3.7016632,"(40.356458699999997, -3.7016632)"
3902981765,40.356492,-3.7017928,"(40.356492000000003, -3.7017928000000002)"
3902981769,40.3565096,-3.7018919,"(40.356509600000003, -3.7018919000000001)"
3902981773,40.3565565,-3.7020962,"(40.356556500000003, -3.7020962000000002)"
3902981792,40.356693,-3.701725,"(40.356693, -3.7017250000000002)"
3902981798,40.3567411,-3.7017869,"(40.356741100000001, -3.7017869000000001)"
3902981808,40.3567837,-3.7016843,"(40.356783700000001, -3.7016843000000001)"
3902981812,40.3567988,-3.7019937,"(40.3567988, -3.7019937000000001)"
3902981824,40.3568733,-3.7016526,"(40.356873299999997, -3.7016526000000001)"
3902981848,40.3569913,-3.701675,"(40.356991299999997, -3.7016749999999998)"
3902981854,40.357018,-3.701416,"(40.357017999999997, -3.701416)"
3902982058,40.3570381,-3.7018845,"(40.357038099999997, -3.7018844999999998)"
3902982065,40.3570617,-3.7015516,"(40.357061700000003, -3.7015516000000002)"
3902982071,40.3571007,-3.7013768,"(40.357100699999997, -3.7013767999999998)"
3902982075,40.3571131,-3.7012432,"(40.357113099999999, -3.7012432)"
3902982078,40.3571294,-3.7015155,"(40.357129399999998, -3.7015155000000002)"
3902982108,40.3573713,-3.7022055,"(40.357371299999997, -3.7022054999999998)"
3902982117,40.3574488,-3.7024927,"(40.3574488, -3.7024927000000001)"
3902982128,40.3575257,-3.7021279,"(40.357525699999997, -3.7021278999999998)"
3902982138,40.357601,-3.7024105,"(40.357601000000003, -3.7024105)"
3904779540,40.3525373,-3.7042361,"(40.352537300000002, -3.7042361000000001)"
3904780258,40.3526414,-3.7046244,"(40.352641400000003, -3.7046244000000002)"
3906334143,40.3527378,-3.7051645,"(40.3527378, -3.7051645)"
3906334146,40.3527809,-3.704561,"(40.352780899999999, -3.704561)"
3906334148,40.3528386,-3.704988,"(40.352838599999998, -3.7049880000000002)"
3906334149,40.3528744,-3.7051645,"(40.352874399999997, -3.7051645)"
3906334150,40.3530376,-3.7048998,"(40.3530376, -3.7048998000000002)"
3906334151,40.3530854,-3.7051029,"(40.353085399999998, -3.7051029)"
3906334152,40.3531172,-3.7047261,"(40.3531172, -3.7047260999999998)"
3906334155,40.353149,-3.7048533,"(40.353149000000002, -3.7048532999999999)"
3906338659,40.3532554,-3.7046666,"(40.353255400000002, -3.7046665999999999)"
3906338661,40.3533276,-3.7049254,"(40.3533276, -3.7049254)"
3906338662,40.3534274,-3.7048637,"(40.353427400000001, -3.7048637000000002)"
3906338666,40.353533,-3.7050127,"(40.353532999999999, -3.7050127000000002)"
3906338667,40.3535377,-3.7047162,"(40.353537699999997, -3.7047162)"
3906338668,40.3536124,-3.7048196,"(40.353612400000003, -3.7048196)"
3906338669,40.3536338,-3.7044921,"(40.353633799999997, -3.7044921)"
3906338670,40.3536553,-3.7048048,"(40.3536553, -3.7048047999999998)"
3906338671,40.3536829,-3.7046545,"(40.353682900000003, -3.7046545000000002)"
3906338672,40.3537259,-3.7047552,"(40.353725900000001, -3.7047552000000001)"
3906338673,40.3537617,-3.7047122,"(40.3537617, -3.7047121999999999)"
3906338674,40.3537627,-3.7048665,"(40.353762699999997, -3.7048665000000001)"
3906338677,40.3538261,-3.7044049,"(40.353826099999999, -3.7044049000000001)"
3906338682,40.35391,-3.7026844,"(40.353909999999999, -3.7026843999999999)"
3906338686,40.3539478,-3.704574,"(40.3539478, -3.704574)"
3906338687,40.3539509,-3.7046867,"(40.353950900000001, -3.7046866999999999)"
3906338689,40.3539775,-3.7048263,"(40.353977499999999, -3.7048263000000001)"
3906338694,40.3540347,-3.7046934,"(40.3540347, -3.7046934)"
3906338698,40.3540705,-3.70468,"(40.354070499999999, -3.7046800000000002)"
3906338699,40.3540716,-3.7026173,"(40.354071599999997, -3.7026173)"
3906338700,40.3540726,-3.7044438,"(40.354072600000002, -3.7044438)"
3906338701,40.3540757,-3.7042881,"(40.354075700000003, -3.7042880999999999)"
3906338704,40.3540941,-3.7047659,"(40.354094099999998, -3.7047658999999999)"
3906338713,40.3541339,-3.7046304,"(40.354133900000001, -3.7046304000000001)"
3906338718,40.3541677,-3.703648,"(40.354167699999998, -3.7036479999999998)"
3906338727,40.3542117,-3.7045471,"(40.3542117, -3.7045471000000001)"
3906338729,40.354227,-3.7026817,"(40.354227000000002, -3.7026816999999999)"
3906338732,40.3542342,-3.7046424,"(40.3542342, -3.7046424)"
3906338734,40.3542383,-3.7039312,"(40.354238299999999, -3.7039312)"
3906338739,40.3542608,-3.7045512,"(40.354260799999999, -3.7045512)"
3906338740,40.3542628,-3.7028226,"(40.354262800000001, -3.7028226000000002)"
3906338748,40.354318,-3.704519,"(40.354317999999999, -3.7045189999999999)"
3906338749,40.3543242,-3.7035621,"(40.354324200000001, -3.7035621000000001)"
3906338857,40.3543794,-3.7028629,"(40.354379399999999, -3.7028629)"
3906338860,40.3543886,-3.7044881,"(40.3543886, -3.7044880999999998)"
3906338863,40.3543998,-3.7038654,"(40.354399800000003, -3.7038654000000002)"
3906338871,40.3544346,-3.7030548,"(40.354434599999998, -3.7030547999999999)"
3906338873,40.3544607,-3.7027488,"(40.354460699999997, -3.7027488000000002)"
3906338882,40.3545481,-3.7044143,"(40.354548100000002, -3.7044142999999998)"
3906338889,40.3546535,-3.7041982,"(40.354653499999998, -3.7041982)"
3906338890,40.3547476,-3.7039822,"(40.354747600000003, -3.7039822)"
3906338891,40.3548549,-3.7041781,"(40.354854899999999, -3.7041781)"
3907363939,40.4239044,-3.6748242,"(40.423904399999998, -3.6748242000000002)"
3907363942,40.4239106,-3.6746606,"(40.423910599999999, -3.6746606000000002)"
3907363952,40.4239513,-3.6750134,"(40.423951299999999, -3.6750134000000001)"
3907364057,40.423961,-3.6753392,"(40.423960999999998, -3.6753391999999998)"
3907364065,40.4239851,-3.6754499,"(40.423985100000003, -3.6754498999999998)"
3907364067,40.4239919,-3.674676,"(40.423991899999997, -3.6746759999999998)"
3907364069,40.4239987,-3.6751075,"(40.423998699999999, -3.6751075000000002)"
3907364079,40.4240427,-3.6755271,"(40.424042700000001, -3.6755271)"
3907364082,40.4240499,-3.6753504,"(40.4240499, -3.6753504000000001)"
3907364084,40.4240546,-3.6752083,"(40.424054599999998, -3.6752083)"
3912611732,40.3569609,-3.7006496,"(40.356960899999997, -3.7006496000000002)"
3912611746,40.3571134,-3.700578,"(40.357113400000003, -3.7005780000000001)"
3913157311,40.3984419,-3.7145368,"(40.398441900000002, -3.7145367999999999)"
3913157322,40.3986101,-3.7148698,"(40.398610099999999, -3.7148698000000002)"
3913159870,40.398727,-3.7145131,"(40.398727000000001, -3.7145131)"
3913172115,40.3985797,-3.7150424,"(40.398579699999999, -3.7150424000000002)"
3913172119,40.3986573,-3.7150371,"(40.398657300000004, -3.7150371)"
3914657203,40.3549813,-3.7040595,"(40.354981299999999, -3.7040595000000001)"
3914657204,40.3550766,-3.7038351,"(40.355076599999997, -3.7038351)"
3914657205,40.3551303,-3.7040437,"(40.355130299999999, -3.7040437000000002)"
3914657208,40.3552312,-3.7041602,"(40.355231199999999, -3.7041602)"
3914657210,40.3552586,-3.7039329,"(40.355258599999999, -3.7039328999999999)"
3914657212,40.3552695,-3.7042983,"(40.355269499999999, -3.7042983)"
3914657218,40.3553276,-3.7041199,"(40.355327600000003, -3.7041198999999998)"
3914657221,40.3553463,-3.7037186,"(40.355346300000001, -3.7037186000000002)"
3914657224,40.3553627,-3.7042479,"(40.355362700000001, -3.7042478999999999)"
3914657227,40.3553755,-3.7013857,"(40.355375500000001, -3.7013856999999999)"
3914657230,40.3554044,-3.7039214,"(40.355404399999998, -3.7039214)"
3914657237,40.3554811,-3.7038337,"(40.355481099999999, -3.7038337000000001)"
3914657242,40.3555196,-3.7013044,"(40.355519600000001, -3.7013044000000002)"
3914657243,40.3555244,-3.7019678,"(40.3555244, -3.7019677999999998)"
3914658459,40.355628,-3.7035834,"(40.355628000000003, -3.7035833999999999)"
3914658463,40.3556828,-3.703792,"(40.355682799999997, -3.703792)"
3914658470,40.3557595,-3.7037042,"(40.355759499999998, -3.7037041999999998)"
3914658472,40.3557817,-3.7029252,"(40.355781700000001, -3.7029252000000001)"
3914658479,40.3558592,-3.7032124,"(40.355859199999998, -3.7032124)"
3914658486,40.3559319,-3.7028561,"(40.355931900000002, -3.7028561)"
3914658489,40.3559646,-3.703674,"(40.3559646, -3.7036739999999999)"
3914658492,40.3560094,-3.7031433,"(40.356009399999998, -3.7031432999999998)"
3914658495,40.3561382,-3.7036455,"(40.356138199999997, -3.7036454999999999)"
3914658496,40.3562576,-3.7034136,"(40.356257599999999, -3.7034136000000002)"
3914658497,40.3562638,-3.7036536,"(40.356263800000001, -3.7036536)"
3914658498,40.3563118,-3.7035845,"(40.3563118, -3.7035844999999998)"
3914658500,40.3563196,-3.7037004,"(40.356319599999999, -3.7037003999999998)"
3914658501,40.3563558,-3.7032569,"(40.356355800000003, -3.7032569)"
3914658503,40.3563788,-3.703418,"(40.356378800000002, -3.7034180000000001)"
3914658504,40.3564007,-3.7035949,"(40.356400700000002, -3.7035949000000001)"
3914658506,40.3564665,-3.7036021,"(40.356466500000003, -3.7036020999999999)"
3914658508,40.3565081,-3.7035647,"(40.356508099999999, -3.7035646999999998)"
3914658509,40.3565191,-3.7034007,"(40.3565191, -3.7034007)"
3914658510,40.3565509,-3.7031735,"(40.356550900000002, -3.7031735000000001)"
3914658512,40.3565772,-3.7035647,"(40.356577199999997, -3.7035646999999998)"
3914658513,40.3566144,-3.7036366,"(40.356614399999998, -3.7036365999999998)"
3914658516,40.3566956,-3.7033892,"(40.356695600000002, -3.7033892000000002)"
3914658518,40.356769,-3.7032813,"(40.356769, -3.7032813)"
3914658520,40.3568205,-3.7034669,"(40.356820499999998, -3.7034669)"
3914658521,40.3568402,-3.7033691,"(40.356840200000001, -3.7033691000000002)"
3914658522,40.3568731,-3.7033489,"(40.356873100000001, -3.7033488999999999)"
3914658524,40.3569071,-3.7032209,"(40.356907100000001, -3.7032208999999998)"
3914658526,40.3569279,-3.702998,"(40.356927900000002, -3.702998)"
3914658527,40.3569411,-3.7032842,"(40.3569411, -3.7032842000000001)"
3914658528,40.3570288,-3.7032928,"(40.357028800000002, -3.7032927999999998)"
3914658529,40.357032,-3.7033676,"(40.357031999999997, -3.7033676)"
3914658531,40.3571022,-3.7032583,"(40.3571022, -3.7032582999999999)"
3914658534,40.3572677,-3.7029879,"(40.357267700000001, -3.7029879000000001)"
3914658536,40.3573083,-3.7028282,"(40.3573083, -3.7028281999999999)"
3914658538,40.3573576,-3.7029476,"(40.3573576, -3.7029475999999999)"
3914658540,40.3574453,-3.703113,"(40.357445300000002, -3.7031130000000001)"
3916514726,40.3537641,-3.7020906,"(40.353764099999999, -3.7020906)"
3916514758,40.3539226,-3.7020235,"(40.353922599999997, -3.7020235000000001)"
3916514780,40.3541505,-3.7027094,"(40.354150500000003, -3.7027093999999998)"
3916514785,40.3541842,-3.7028409,"(40.354184199999999, -3.7028409)"
3916514835,40.3545376,-3.7027059,"(40.3545376, -3.7027059000000002)"
3916514847,40.3546192,-3.7026622,"(40.354619200000002, -3.7026621999999998)"
3916514857,40.354678,-3.7027258,"(40.354678, -3.7027258000000001)"
3916514866,40.3547287,-3.7029232,"(40.354728700000003, -3.7029231999999999)"
3916514874,40.3547777,-3.702412,"(40.3547777, -3.7024119999999998)"
3916514880,40.3548145,-3.7025537,"(40.354814500000003, -3.7025537000000002)"
3916514886,40.3548547,-3.7023804,"(40.354854699999997, -3.7023804)"
3916514892,40.354888,-3.70251,"(40.354888000000003, -3.7025100000000002)"
3916514897,40.3549181,-3.7026186,"(40.354918099999999, -3.7026186000000001)"
3916514905,40.3549659,-3.702815,"(40.354965900000003, -3.7028150000000002)"
3916514924,40.355089,-3.7024422,"(40.355089, -3.7024422000000001)"
3916514933,40.3551503,-3.7025142,"(40.355150299999998, -3.7025142)"
3916514941,40.3551797,-3.7024015,"(40.355179700000001, -3.7024015000000001)"
3916514944,40.3552045,-3.7027078,"(40.355204499999999, -3.7027078000000002)"
3916514952,40.3552693,-3.7023698,"(40.355269300000003, -3.7023698)"
3916515070,40.3553882,-3.7023994,"(40.3553882, -3.7023994)"
3916515075,40.355414,-3.7021332,"(40.355414000000003, -3.7021332)"
3916515079,40.3554453,-3.7025987,"(40.3554453, -3.7025986999999998)"
3916515083,40.3554577,-3.7022688,"(40.355457700000002, -3.7022688000000001)"
3916515088,40.3554967,-3.702094,"(40.355496700000003, -3.7020940000000002)"
3916515092,40.3555254,-3.7022327,"(40.355525399999998, -3.7022327000000002)"
3920327165,40.3524678,-3.7033353,"(40.352467799999999, -3.7033353)"
3920327168,40.3525467,-3.7034236,"(40.352546699999998, -3.7034235999999998)"
3920327171,40.3525804,-3.7035551,"(40.352580400000001, -3.7035551)"
3920327175,40.3526232,-3.7033959,"(40.352623199999996, -3.7033958999999999)"
3920327179,40.352659,-3.7035368,"(40.352659000000003, -3.7035368000000002)"
3920327188,40.3528642,-3.7034725,"(40.352864199999999, -3.7034725000000002)"
3920327193,40.3529411,-3.7034296,"(40.352941100000002, -3.7034296000000002)"
3920327199,40.3530227,-3.7033859,"(40.353022699999997, -3.7033858999999998)"
3920327209,40.3531812,-3.7031357,"(40.353181200000002, -3.7031356999999998)"
3920327213,40.353218,-3.7032774,"(40.353217999999998, -3.7032774000000002)"
3920327217,40.3532582,-3.7031041,"(40.353258199999999, -3.7031041)"
3920327220,40.3532915,-3.7032337,"(40.353291499999997, -3.7032337000000002)"
3920327232,40.3534925,-3.7031659,"(40.353492500000002, -3.7031659000000001)"
3920327238,40.3535832,-3.7031252,"(40.353583200000003, -3.7031252000000001)"
3920327242,40.3536728,-3.7030935,"(40.353672799999998, -3.7030935)"
3920327248,40.3538175,-3.7028569,"(40.353817499999998, -3.7028569)"
3920327251,40.3538612,-3.7029925,"(40.353861199999997, -3.7029925000000001)"
3920327254,40.3539002,-3.7028177,"(40.353900199999998, -3.7028177000000002)"
3920327357,40.3539289,-3.7029564,"(40.3539289, -3.7029564000000001)"
3960252707,40.4726876,-3.6993798,"(40.4726876, -3.6993798)"
3960256017,40.4823527,-3.702544,"(40.4823527, -3.7025440000000001)"
3961357665,40.4727816,-3.6997581,"(40.472781599999998, -3.6997580999999999)"
3961357667,40.4728143,-3.6998408,"(40.472814300000003, -3.6998408)"
3961396202,40.4745581,-3.7144339,"(40.474558100000003, -3.7144339)"
3961396203,40.4745749,-3.7144689,"(40.4745749, -3.7144689)"
3961396204,40.4745848,-3.7144078,"(40.474584800000002, -3.7144078)"
3964481569,40.4802758,-3.7156506,"(40.480275800000001, -3.7156506)"
3964481570,40.4803547,-3.7155362,"(40.480354699999999, -3.7155361999999998)"
3964481571,40.4803677,-3.7157807,"(40.480367700000002, -3.7157806999999998)"
3964481572,40.4804597,-3.715665,"(40.480459699999997, -3.715665)"
4102811152,40.4649785,-3.7196026,"(40.464978500000001, -3.7196026)"
4119735468,40.449054,-3.7284411,"(40.449053999999997, -3.7284411)"
4119735470,40.4490738,-3.728252,"(40.449073800000001, -3.7282519999999999)"
4119735472,40.4490959,-3.7280399,"(40.449095900000003, -3.7280399000000002)"
4119735474,40.4491188,-3.7278202,"(40.449118800000001, -3.7278202)"
4125449736,40.4232713,-3.7122425,"(40.423271300000003, -3.7122424999999999)"
4125449745,40.4232951,-3.7121999,"(40.423295099999997, -3.7121998999999999)"
4125449749,40.4233189,-3.7121574,"(40.423318899999998, -3.7121574000000002)"
4125449754,40.4233427,-3.7121148,"(40.423342699999999, -3.7121148000000002)"
4125449757,40.4233664,-3.7120722,"(40.423366399999999, -3.7120722000000002)"
4125449759,40.4233902,-3.7120296,"(40.4233902, -3.7120296000000002)"
4125449768,40.423414,-3.711987,"(40.423414000000001, -3.7119870000000001)"
4125449774,40.4234229,-3.7123905,"(40.423422899999998, -3.7123905000000001)"
4125449782,40.4234378,-3.7119444,"(40.423437800000002, -3.7119444000000001)"
4125449788,40.4234485,-3.7123497,"(40.423448499999999, -3.7123496999999999)"
4125449894,40.423474,-3.7123089,"(40.423473999999999, -3.7123089)"
4125449907,40.4234995,-3.7122681,"(40.423499499999998, -3.7122681000000002)"
4125449915,40.423525,-3.7122273,"(40.423524999999998, -3.7122272999999999)"
4125449919,40.4235506,-3.7121865,"(40.423550599999999, -3.7121865000000001)"
4125449927,40.4235761,-3.7121457,"(40.423576099999998, -3.7121457000000002)"
4125449934,40.4236016,-3.7121049,"(40.423601599999998, -3.7121048999999999)"
4125873866,40.4539436,-3.6273662,"(40.453943600000002, -3.6273662)"
4125873867,40.4539543,-3.6279495,"(40.453954299999999, -3.6279495000000002)"
4125873874,40.4539977,-3.6279066,"(40.453997700000002, -3.6279066000000002)"
4125873879,40.4540252,-3.6277095,"(40.454025199999997, -3.6277094999999999)"
4125873883,40.4540579,-3.6269793,"(40.454057900000002, -3.6269792999999999)"
4125873891,40.4540712,-3.6270959,"(40.454071200000001, -3.6270959)"
4125873905,40.4541176,-3.6269685,"(40.454117599999996, -3.6269684999999998)"
4125873906,40.4541196,-3.6268559,"(40.454119599999999, -3.6268558999999998)"
4125873927,40.4541931,-3.6268512,"(40.454193099999998, -3.6268511999999999)"
4125873928,40.4541957,-3.6267653,"(40.4541957, -3.6267653000000002)"
4125873944,40.454263,-3.6262705,"(40.454262999999997, -3.6262705)"
4125873954,40.4542844,-3.6267633,"(40.454284399999999, -3.6267632999999999)"
4125873959,40.4542946,-3.6266876,"(40.454294599999997, -3.6266875999999999)"
4125873967,40.4543094,-3.6261411,"(40.4543094, -3.6261410999999999)"
4125873968,40.454311,-3.6272723,"(40.454310999999997, -3.6272723)"
4125873971,40.454313,-3.6273219,"(40.454312999999999, -3.6273219000000001)"
4125873972,40.4543171,-3.6273756,"(40.454317099999997, -3.6273756000000001)"
4125873974,40.4543202,-3.6272119,"(40.454320199999998, -3.6272118999999998)"
4125873982,40.4543314,-3.6271637,"(40.454331400000001, -3.6271637000000001)"
4125873985,40.4543365,-3.6274319,"(40.454336499999997, -3.6274318999999999)"
4125874090,40.4543518,-3.62711,"(40.454351799999998, -3.6271100000000001)"
4125874092,40.4543538,-3.627515,"(40.4543538, -3.6275149999999998)"
4125874098,40.4543763,-3.6259614,"(40.4543763, -3.6259614)"
4125874109,40.454387,-3.6278369,"(40.454386999999997, -3.6278369000000001)"
4125874113,40.4543936,-3.626703,"(40.454393600000003, -3.626703)"
4125874117,40.4544069,-3.6263047,"(40.454406900000002, -3.6263046999999999)"
4125874120,40.4544202,-3.6258393,"(40.454420200000001, -3.6258393)"
4125874122,40.4544242,-3.6270269,"(40.454424199999998, -3.6270269000000002)"
4125874133,40.4544651,-3.6281132,"(40.4544651, -3.6281132)"
4125874145,40.4544967,-3.6283572,"(40.4544967, -3.6283571999999999)"
4125874164,40.4545498,-3.6265843,"(40.454549800000002, -3.6265843000000002)"
4125874165,40.4545508,-3.626473,"(40.4545508, -3.6264729999999998)"
4125874167,40.4545569,-3.6270832,"(40.4545569, -3.6270832)"
4125874171,40.454564,-3.6277618,"(40.454563999999998, -3.6277618)"
4125874177,40.4545753,-3.6274077,"(40.454575300000002, -3.6274077)"
4125874179,40.4545773,-3.6284779,"(40.454577299999997, -3.6284779)"
4125874181,40.4545794,-3.6271596,"(40.4545794, -3.6271596000000002)"
4125874182,40.4545845,-3.6263992,"(40.454584500000003, -3.6263991999999998)"
4125874290,40.4546181,-3.6272227,"(40.454618099999998, -3.6272226999999999)"
4125874291,40.4546202,-3.6273219,"(40.454620200000001, -3.6273219000000001)"
4125874292,40.4546212,-3.6263134,"(40.454621199999998, -3.6263133999999999)"
4125874305,40.4546528,-3.6281225,"(40.454652799999998, -3.6281224999999999)"
4125874308,40.454661,-3.6262209,"(40.454661000000002, -3.6262208999999999)"
4125874316,40.4546753,-3.6268726,"(40.454675299999998, -3.6268726)"
4125874317,40.4546783,-3.6258735,"(40.454678299999998, -3.6258735)"
4125874323,40.4546957,-3.6263268,"(40.454695700000002, -3.6263268000000002)"
4125874325,40.4546998,-3.628258,"(40.4546998, -3.6282580000000002)"
4125874326,40.4547013,-3.6254423,"(40.454701300000004, -3.6254423)"
4125874347,40.454761,-3.6249066,"(40.454760999999998, -3.6249066000000001)"
4125874348,40.4547615,-3.6288756,"(40.454761499999996, -3.6288756000000002)"
4125874349,40.4547641,-3.6276223,"(40.454764099999998, -3.6276223000000001)"
4125874368,40.4547916,-3.6289145,"(40.4547916, -3.6289145)"
4125874370,40.4547998,-3.6276867,"(40.454799800000004, -3.6276866999999999)"
4125874380,40.4548335,-3.625034,"(40.454833499999999, -3.6250339999999999)"
4125874495,40.45486,-3.6276599,"(40.454859999999996, -3.6276598999999998)"
4125874501,40.4548702,-3.6264971,"(40.454870200000002, -3.6264970999999999)"
4125874511,40.4548926,-3.628669,"(40.454892600000001, -3.6286689999999999)"
4125874536,40.4549202,-3.628203,"(40.454920199999997, -3.6282030000000001)"
4125874538,40.4549222,-3.6272186,"(40.454922199999999, -3.6272186)"
4125874539,40.4549238,-3.6286965,"(40.454923800000003, -3.6286965000000002)"
4125874541,40.4549253,-3.6263872,"(40.454925299999999, -3.6263871999999999)"
4125874551,40.4549432,-3.6245934,"(40.454943200000002, -3.6245934000000002)"
4125874559,40.454959,-3.6280112,"(40.454959000000002, -3.6280112)"
4125874562,40.454962,-3.6275928,"(40.454962000000002, -3.6275928)"
4125874567,40.4549702,-3.6262852,"(40.454970199999998, -3.6262851999999999)"
4125874570,40.4549784,-3.6275579,"(40.454978400000002, -3.6275578999999998)"
4125874572,40.4549804,-3.6279026,"(40.454980399999997, -3.6279026000000001)"
4125874582,40.4549967,-3.6242602,"(40.454996700000002, -3.6242602000000002)"
4125874587,40.455008,-3.6261766,"(40.455007999999999, -3.6261766)"
4125874690,40.455009,-3.6274748,"(40.455008999999997, -3.6274747999999999)"
4125874695,40.4550182,-3.6278087,"(40.455018199999998, -3.6278087000000001)"
4125874711,40.4550467,-3.6260519,"(40.455046699999997, -3.6260519000000002)"
4125874722,40.4550687,-3.6240617,"(40.455068699999998, -3.6240616999999999)"
4125874730,40.4550855,-3.6263509,"(40.455085500000003, -3.6263508999999998)"
4125874733,40.4550896,-3.6265052,"(40.455089600000001, -3.6265052)"
4125874739,40.4550967,-3.6276773,"(40.455096699999999, -3.6276773000000002)"
4125874744,40.4551029,-3.6266031,"(40.4551029, -3.6266031000000001)"
4125874750,40.4551131,-3.6263121,"(40.455113099999998, -3.6263120999999998)"
4125874756,40.4551284,-3.6270202,"(40.4551284, -3.6270202)"
4125874759,40.4551345,-3.626536,"(40.4551345, -3.6265360000000002)"
4125874767,40.4551416,-3.6275378,"(40.455141599999997, -3.6275377999999998)"
4125874777,40.4551626,-3.6237955,"(40.455162600000001, -3.6237954999999999)"
4125874993,40.4552018,-3.624344,"(40.455201799999998, -3.6243439999999998)"
4125874998,40.4552161,-3.62654,"(40.455216100000001, -3.6265399999999999)"
4125875002,40.4552212,-3.624108,"(40.455221199999997, -3.6241080000000001)"
4125875004,40.4552263,-3.6236265,"(40.4552263, -3.6236264999999999)"
4125875007,40.4552274,-3.6264301,"(40.455227399999998, -3.6264300999999999)"
4125875011,40.4552396,-3.6242327,"(40.455239599999999, -3.6242326999999999)"
4125875014,40.4552406,-3.623892,"(40.455240600000003, -3.6238920000000001)"
4125875029,40.45526,-3.6240047,"(40.455260000000003, -3.6240047)"
4125875036,40.4552692,-3.6266889,"(40.455269199999996, -3.6266889)"
4125875039,40.4552799,-3.6237841,"(40.455279900000001, -3.6237841)"
4125875042,40.4552901,-3.6263965,"(40.455290099999999, -3.6263964999999998)"
4125875081,40.4553692,-3.6265199,"(40.4553692, -3.6265198999999999)"
4125875083,40.4553702,-3.6266064,"(40.455370199999997, -3.6266064)"
4125875084,40.4553702,-3.6266842,"(40.455370199999997, -3.6266842000000001)"
4125875086,40.4553717,-3.626935,"(40.455371700000001, -3.626935)"
4125875490,40.4553753,-3.626764,"(40.4553753, -3.6267640000000001)"
4125875496,40.4553855,-3.6268472,"(40.455385499999998, -3.6268471999999998)"
4125875524,40.4554937,-3.6239624,"(40.455493699999998, -3.6239623999999999)"
4125875526,40.4555008,-3.6240724,"(40.455500800000003, -3.6240724000000002)"
4125875567,40.4557794,-3.6245807,"(40.455779399999997, -3.6245807000000001)"
4125875568,40.4557942,-3.6245512,"(40.4557942, -3.6245512)"
4125875570,40.4558233,-3.6251533,"(40.455823299999999, -3.6251533)"
4125875571,40.4558248,-3.6244037,"(40.455824800000002, -3.6244036999999998)"
4125875572,40.4558493,-3.6245291,"(40.455849299999997, -3.6245291000000002)"
4125875573,40.4558544,-3.6246296,"(40.4558544, -3.6246296)"
4125875575,40.4558677,-3.6243064,"(40.455867699999999, -3.6243064)"
4125875576,40.4558692,-3.6246042,"(40.455869200000002, -3.6246041999999998)"
4125875578,40.4559029,-3.624466,"(40.455902899999998, -3.624466)"
4125875579,40.4559065,-3.6248938,"(40.455906499999998, -3.6248938000000002)"
4125875580,40.4559095,-3.6242012,"(40.455909499999997, -3.6242011999999999)"
4125875581,40.4559304,-3.6245881,"(40.4559304, -3.6245881)"
4125875582,40.4559312,-3.6248395,"(40.455931200000002, -3.6248395000000002)"
4125875583,40.4559366,-3.6246907,"(40.455936600000001, -3.6246906999999999)"
4125875584,40.4559452,-3.6243594,"(40.455945200000002, -3.6243593999999999)"
4125875585,40.4559539,-3.6246652,"(40.455953899999997, -3.6246651999999999)"
4125875586,40.455956,-3.6247852,"(40.455956, -3.6247851999999998)"
4125875587,40.4559646,-3.6244419,"(40.455964600000001, -3.6244418999999999)"
4125875589,40.4559896,-3.6242595,"(40.455989600000002, -3.6242595)"
4125875590,40.4560049,-3.6243373,"(40.456004900000003, -3.6243373000000001)"
4125875591,40.4560427,-3.6245988,"(40.456042699999998, -3.6245987999999998)"
4125875592,40.4560748,-3.6241824,"(40.456074800000003, -3.6241824)"
4125875593,40.4560871,-3.6244949,"(40.456087099999998, -3.6244949000000002)"
4125875594,40.4561289,-3.6243856,"(40.456128900000003, -3.6243856000000001)"
4127645059,40.408543,-3.66075,"(40.408543000000002, -3.6607500000000002)"
4127645061,40.4085497,-3.660823,"(40.408549700000002, -3.6608230000000002)"
4131264339,40.4438784,-3.7268125,"(40.443878400000003, -3.7268124999999999)"
4131264340,40.4438827,-3.7267349,"(40.443882700000003, -3.7267348999999999)"
4131264341,40.443919,-3.7263767,"(40.443919000000001, -3.7263766999999999)"
4131264343,40.4439818,-3.7256308,"(40.443981800000003, -3.7256307999999998)"
4131264344,40.4440198,-3.7261816,"(40.4440198, -3.7261815999999999)"
4131264345,40.4441038,-3.726774,"(40.444103800000001, -3.7267739999999998)"
4131264348,40.4442122,-3.7267007,"(40.444212200000003, -3.7267006999999999)"
4131264350,40.4442399,-3.7264223,"(40.444239899999999, -3.7264222999999999)"
4139559466,40.4438852,-3.726866,"(40.443885199999997, -3.7268659999999998)"
4139559795,40.4440307,-3.7268949,"(40.444030699999999, -3.7268949)"
4139559800,40.444097,-3.7268546,"(40.444096999999999, -3.7268545999999998)"
4161771940,40.4475806,-3.727553,"(40.447580600000002, -3.7275529999999999)"
4161771941,40.4476033,-3.7275828,"(40.447603299999997, -3.7275828)"
4161771947,40.4476442,-3.7274698,"(40.447644199999999, -3.7274698000000002)"
4161771949,40.4476674,-3.7275017,"(40.4476674, -3.7275016999999999)"
4256810079,40.47335,-3.7139953,"(40.473350000000003, -3.7139953000000001)"
4256810081,40.4733558,-3.7139018,"(40.4733558, -3.7139017999999999)"
4256810082,40.4733596,-3.7139258,"(40.473359600000002, -3.7139258000000002)"
4256810083,40.4733616,-3.7139881,"(40.473361599999997, -3.7139880999999999)"
4256810084,40.4733747,-3.7139296,"(40.473374700000001, -3.7139296000000002)"
4256810086,40.4734916,-3.7148487,"(40.473491600000003, -3.7148487000000001)"
4256810191,40.4735406,-3.7148672,"(40.4735406, -3.7148672)"
4256810199,40.4736559,-3.7140638,"(40.473655899999997, -3.7140637999999999)"
4256810203,40.473637,-3.7141658,"(40.473636999999997, -3.7141658)"
4256810208,40.4736847,-3.7141809,"(40.4736847, -3.7141809000000001)"
4257891372,40.3996951,-3.7045152,"(40.399695100000002, -3.7045151999999999)"
4257891373,40.399711,-3.7043149,"(40.399711000000003, -3.7043149)"
4257891374,40.3997134,-3.704462,"(40.399713400000003, -3.7044619999999999)"
4257891375,40.3997436,-3.7042481,"(40.399743600000001, -3.7042481)"
4257891376,40.3997642,-3.704123,"(40.3997642, -3.7041230000000001)"
4257891377,40.3997801,-3.7040698,"(40.399780100000001, -3.7040698000000001)"
4257891378,40.3998166,-3.704149,"(40.399816600000001, -3.7041490000000001)"
4257891379,40.3998317,-3.7041,"(40.3998317, -3.7040999999999999)"
4257891380,40.4000716,-3.7047509,"(40.400071599999997, -3.7047509000000001)"
4257891381,40.4008787,-3.7048651,"(40.4008787, -3.7048651000000001)"
4257891382,40.4009732,-3.7053157,"(40.400973200000003, -3.7053156999999999)"
4257891383,40.4010733,-3.7050591,"(40.4010733, -3.7050591000000002)"
4265345023,40.4128267,-3.7263839,"(40.412826699999997, -3.7263839000000001)"
4265345027,40.4128581,-3.7264385,"(40.412858100000001, -3.7264385)"
4275722581,40.463151,-3.7084009,"(40.463151000000003, -3.7084009)"
4275722582,40.4632344,-3.7085632,"(40.463234399999997, -3.7085631999999999)"
4275722583,40.4634974,-3.7086002,"(40.463497400000001, -3.7086001999999998)"
4301188691,40.4744205,-3.6939816,"(40.474420500000001, -3.6939815999999999)"
4301188692,40.4744205,-3.6940361,"(40.474420500000001, -3.6940360999999999)"
4301188694,40.4744231,-3.6940848,"(40.474423100000003, -3.6940848000000002)"
4304405036,40.481051,-3.7203337,"(40.481051000000001, -3.7203336999999999)"
4309798466,40.4875954,-3.6906043,"(40.487595399999996, -3.6906042999999999)"
4309798471,40.4876561,-3.6907234,"(40.487656100000002, -3.6907234)"
4309798475,40.4876969,-3.6907944,"(40.487696900000003, -3.6907944000000001)"
4309798482,40.4877469,-3.6904397,"(40.487746899999998, -3.6904397000000002)"
4309798485,40.4879386,-3.6909788,"(40.4879386, -3.6909787999999999)"
4309798486,40.4879713,-3.6910003,"(40.487971299999998, -3.6910002999999998)"
4309798487,40.488011,-3.6910352,"(40.488011, -3.6910352)"
4316800048,40.439537,-3.6822204,"(40.439537000000001, -3.6822203999999998)"
4316800068,40.4400646,-3.6812556,"(40.440064599999999, -3.6812556000000001)"
4320366703,40.5063934,-3.6950396,"(40.5063934, -3.6950395999999999)"
4320366705,40.5064115,-3.6951003,"(40.506411499999999, -3.6951003)"
4320366713,40.506456,-3.6951739,"(40.506456, -3.6951738999999999)"
4320366715,40.5064692,-3.6949537,"(40.506469199999998, -3.6949537000000001)"
4320366718,40.5065005,-3.6950259,"(40.506500500000001, -3.6950259000000001)"
4320366725,40.5065373,-3.6951068,"(40.506537299999998, -3.6951068)"
4331376395,40.4197292,-3.7137909,"(40.419729199999999, -3.7137908999999998)"
4331376398,40.4197312,-3.713824,"(40.419731200000001, -3.7138239999999998)"
4331376424,40.4197676,-3.7143524,"(40.4197676, -3.7143524000000001)"
4331376431,40.4197725,-3.71439,"(40.419772500000001, -3.7143899999999999)"
4331376531,40.4198695,-3.7137733,"(40.419869499999997, -3.7137733000000002)"
4331376533,40.4198712,-3.7138082,"(40.419871200000003, -3.7138081999999999)"
4331376563,40.419907,-3.7143389,"(40.419907000000002, -3.7143389)"
4331376565,40.4199096,-3.7143739,"(40.419909599999997, -3.7143739)"
4331376595,40.4200462,-3.7137545,"(40.420046200000002, -3.7137544999999998)"
4331376596,40.4200485,-3.7137913,"(40.4200485, -3.7137913)"
4331376621,40.42008,-3.7143208,"(40.420079999999999, -3.7143207999999999)"
4331376625,40.4200834,-3.7143554,"(40.420083400000003, -3.7143554000000001)"
4331376730,40.4201807,-3.7137364,"(40.420180700000003, -3.7137364000000002)"
4331376737,40.4201865,-3.7137748,"(40.4201865, -3.7137747999999999)"
4331376761,40.4202197,-3.7143054,"(40.420219699999997, -3.7143054000000002)"
4331376762,40.420222,-3.7143404,"(40.420222000000003, -3.7143404000000002)"
4331376777,40.4203015,-3.7139446,"(40.420301500000001, -3.7139446)"
4331376778,40.4203077,-3.7141123,"(40.420307700000002, -3.7141123)"
4416327921,40.4714371,-3.7217099,"(40.471437100000003, -3.7217099)"
4416327923,40.4714887,-3.721886,"(40.471488700000002, -3.721886)"
4416327946,40.4818651,-3.706183,"(40.4818651, -3.7061829999999998)"
4437824304,40.4094835,-3.7158797,"(40.4094835, -3.7158796999999999)"
4437824309,40.4095325,-3.7157369,"(40.409532499999997, -3.7157369)"
4437824312,40.4095678,-3.7156115,"(40.409567799999998, -3.7156115000000001)"
4437824315,40.4095974,-3.7155203,"(40.409597400000003, -3.7155203000000001)"
4437824320,40.4096229,-3.715421,"(40.409622900000002, -3.7154210000000001)"
4437824324,40.409677,-3.7159286,"(40.409677000000002, -3.7159285999999998)"
4437824329,40.4099349,-3.7152739,"(40.409934900000003, -3.7152739000000001)"
4437824331,40.4100023,-3.7150781,"(40.410002300000002, -3.7150780999999999)"
4437824332,40.410088,-3.715876,"(40.410088000000002, -3.7158760000000002)"
4437824333,40.4103814,-3.7154997,"(40.410381399999999, -3.7154997000000001)"
4437824334,40.4104355,-3.7152998,"(40.410435499999998, -3.7152997999999999)"
4437878827,40.4144485,-3.7144955,"(40.414448499999999, -3.7144955)"
4437878843,40.4145113,-3.7145703,"(40.414511300000001, -3.7145703000000001)"
4437878844,40.4145136,-3.714684,"(40.414513599999999, -3.7146840000000001)"
4437878883,40.4146496,-3.7147899,"(40.414649599999997, -3.7147899)"
4437878884,40.414654,-3.7144664,"(40.414653999999999, -3.7144664000000001)"
4437879806,40.4147252,-3.7147342,"(40.414725199999999, -3.7147342000000001)"
4456002590,40.4419104,-3.7266702,"(40.441910399999998, -3.7266702)"
4456002591,40.4409789,-3.7265108,"(40.440978899999998, -3.7265107999999998)"
4456002791,40.4362194,-3.7192667,"(40.436219399999999, -3.7192666999999999)"
4456021890,40.4467444,-3.7279697,"(40.4467444, -3.7279697000000001)"
4456021891,40.4424111,-3.726747,"(40.442411100000001, -3.726747)"
4456027389,40.4470453,-3.7280087,"(40.447045299999999, -3.7280087000000002)"
4456027390,40.4427352,-3.7268162,"(40.442735200000001, -3.7268162)"
4456027391,40.4402642,-3.7263049,"(40.440264200000001, -3.7263049000000001)"
4456027489,40.4457843,-3.7273634,"(40.4457843, -3.7273634000000002)"
4456027490,40.4444231,-3.7271439,"(40.444423100000002, -3.7271439000000002)"
4456027491,40.4379324,-3.7231332,"(40.437932400000001, -3.7231331999999999)"
4456027689,40.4456025,-3.7273434,"(40.4456025, -3.7273434000000001)"
4456027690,40.4407083,-3.7264604,"(40.440708299999997, -3.7264604000000001)"
4456027691,40.4402213,-3.7262058,"(40.440221299999997, -3.7262057999999998)"
4456027692,40.4382513,-3.7236702,"(40.438251299999997, -3.7236701999999999)"
4456027693,40.4376894,-3.7226736,"(40.437689399999996, -3.7226735999999998)"
4456027789,40.4453866,-3.727307,"(40.445386599999999, -3.7273070000000001)"
4456027889,40.4452048,-3.7272811,"(40.445204799999999, -3.7272810999999999)"
4456027989,40.4448886,-3.7271991,"(40.444888599999999, -3.7271991)"
4456028089,40.4447117,-3.7271859,"(40.444711699999999, -3.7271858999999998)"
4456028090,40.444048,-3.7270544,"(40.444048000000002, -3.7270544000000001)"
4456028091,40.4430141,-3.7268711,"(40.443014099999999, -3.7268710999999999)"
4456028489,40.4404149,-3.7264309,"(40.4404149, -3.7264309)"
4536045393,40.4387992,-3.7185087,"(40.438799199999998, -3.7185087000000001)"
4549603289,40.4352552,-3.719263,"(40.4352552, -3.7192630000000002)"
4549603290,40.4355043,-3.7190404,"(40.435504299999998, -3.7190403999999999)"
4549603291,40.4355318,-3.71909,"(40.4355318, -3.71909)"
4549603292,40.4353843,-3.719025,"(40.435384300000003, -3.7190249999999998)"
4549603293,40.4353006,-3.7191001,"(40.435300599999998, -3.7191000999999999)"
4549603294,40.435465,-3.7191953,"(40.435465000000001, -3.7191953)"
4549603295,40.4353946,-3.719261,"(40.435394600000002, -3.7192609999999999)"
4549603296,40.435294,-3.7193066,"(40.435293999999999, -3.7193065999999999)"
4579350795,40.4249717,-3.6813549,"(40.4249717, -3.6813549000000001)"
4608166167,40.4717343,-3.7131551,"(40.471734300000001, -3.7131550999999998)"
4608166168,40.4717819,-3.7131659,"(40.471781900000003, -3.7131658999999999)"
4608256802,40.4702188,-3.7102488,"(40.470218799999998, -3.7102488)"
4608256803,40.4699394,-3.7100275,"(40.469939400000001, -3.7100274999999998)"
4608256804,40.4696868,-3.7098061,"(40.469686799999998, -3.7098061000000002)"
4608256805,40.470613,-3.7111795,"(40.470613, -3.7111795000000001)"
4608256806,40.4706628,-3.7109481,"(40.470662799999999, -3.7109481)"
4608256828,40.4697189,-3.7064041,"(40.469718899999997, -3.7064040999999999)"
4608256829,40.4696871,-3.7062983,"(40.469687100000002, -3.7062982999999998)"
4608256830,40.469645,-3.7063131,"(40.469645, -3.7063131)"
4608256831,40.4696618,-3.7064263,"(40.469661799999997, -3.7064263)"
4616599654,40.4659627,-3.7083373,"(40.465962699999999, -3.7083373000000002)"
4616599655,40.4660367,-3.708148,"(40.466036699999997, -3.708148)"
4616599657,40.4666869,-3.7085387,"(40.466686899999999, -3.7085387000000001)"
4616599659,40.4672338,-3.708481,"(40.467233800000002, -3.7084809999999999)"
4616599660,40.4677523,-3.7082628,"(40.467752300000001, -3.7082628)"
4619376487,40.4665696,-3.708289,"(40.4665696, -3.7082890000000002)"
4619377191,40.4671472,-3.7082166,"(40.467147199999999, -3.7082166000000001)"
4619377195,40.4676591,-3.708012,"(40.467659099999999, -3.7080120000000001)"
4622439390,40.4497642,-3.6915015,"(40.449764199999997, -3.6915015000000002)"
4635277895,40.4683641,-3.7211901,"(40.468364100000002, -3.7211900999999998)"
4635277896,40.4683881,-3.7212957,"(40.468388099999999, -3.7212957000000002)"
4635277897,40.4684726,-3.7217014,"(40.468472599999998, -3.7217014000000002)"
4635277898,40.4685107,-3.7218662,"(40.468510700000003, -3.7218662)"
4635304573,40.4618322,-3.7009377,"(40.461832200000003, -3.7009376999999999)"
4635304574,40.461966,-3.7011711,"(40.461965999999997, -3.7011710999999998)"
4635304575,40.4620539,-3.7010862,"(40.462053900000001, -3.7010862000000002)"
4635304576,40.4620103,-3.7012514,"(40.462010300000003, -3.7012513999999999)"
4635304577,40.4621007,-3.7011696,"(40.462100700000001, -3.7011696000000001)"
4635304578,40.4622044,-3.7016092,"(40.462204399999997, -3.7016092)"
4635304580,40.46248,-3.7018707,"(40.462479999999999, -3.7018707000000002)"
4635304581,40.4624989,-3.7019025,"(40.4624989, -3.7019025000000001)"
4635304582,40.462603,-3.7023554,"(40.462603000000001, -3.7023554000000001)"
4635304583,40.4627681,-3.7026483,"(40.462768099999998, -3.7026482999999999)"
4635304587,40.4633872,-3.7038089,"(40.4633872, -3.7038088999999998)"
4635305089,40.4636014,-3.7039562,"(40.463601400000002, -3.7039561999999999)"
4635305093,40.4638129,-3.7044948,"(40.463812900000001, -3.7044948)"
4635305095,40.4638811,-3.7047039,"(40.463881100000002, -3.7047039000000002)"
4635305096,40.4638663,-3.7050516,"(40.463866299999999, -3.7050516)"
4635305103,40.464033,-3.7056277,"(40.464033000000001, -3.7056277)"
4635305105,40.4642454,-3.705906,"(40.464245400000003, -3.7059060000000001)"
4635305106,40.4642783,-3.7055476,"(40.464278299999997, -3.7055476000000001)"
4635305107,40.4648418,-3.7065192,"(40.464841800000002, -3.7065191999999998)"
4891465827,40.4434762,-3.7255443,"(40.443476199999999, -3.7255443000000001)"
4891497952,40.4436173,-3.7266868,"(40.4436173, -3.7266868)"
4891497953,40.4434794,-3.726661,"(40.443479400000001, -3.726661)"
4891499255,40.4436132,-3.7259587,"(40.443613200000001, -3.7259587000000001)"
4891506540,40.4432917,-3.7264134,"(40.443291700000003, -3.7264134000000002)"
4891506541,40.4433793,-3.7260524,"(40.443379299999997, -3.7260523999999999)"
4891506542,40.4436016,-3.7261021,"(40.443601600000001, -3.7261020999999999)"
4891506544,40.4433582,-3.7257136,"(40.443358199999999, -3.7257136000000002)"
4891512023,40.4433877,-3.7259246,"(40.443387700000002, -3.7259245999999999)"
4891512925,40.443351,-3.7266431,"(40.443351, -3.7266431)"
4891512926,40.4433237,-3.7261694,"(40.443323700000001, -3.7261693999999999)"
4900635440,40.3997182,-3.7739711,"(40.399718200000002, -3.7739710999999998)"
4900635441,40.3997476,-3.774108,"(40.399747599999998, -3.774108)"
4900635445,40.3997761,-3.7740366,"(40.399776099999997, -3.7740366000000001)"
4903992125,40.473463,-3.7027421,"(40.473463000000002, -3.7027421)"
4903992126,40.4734921,-3.7027623,"(40.473492100000001, -3.7027622999999998)"
4903992127,40.4735194,-3.7027826,"(40.473519400000001, -3.7027825999999999)"
4959088633,40.3687856,-3.6937054,"(40.368785600000002, -3.6937053999999998)"
4985231594,40.4905488,-3.6108716,"(40.490548799999999, -3.6108715999999998)"
4985673597,40.4891954,-3.6119753,"(40.4891954, -3.6119753000000001)"
4985673603,40.4772319,-3.6186788,"(40.4772319, -3.6186788000000001)"
5006925643,40.4709817,-3.7028351,"(40.470981700000003, -3.7028351000000002)"
5006925644,40.4707175,-3.7028284,"(40.470717499999999, -3.7028284)"
5006925646,40.4706012,-3.704415,"(40.470601199999997, -3.704415)"
5006925647,40.4700768,-3.7056448,"(40.470076800000001, -3.7056448)"
5006925648,40.4704655,-3.7047301,"(40.470465500000003, -3.7047300999999999)"
5006925649,40.4703257,-3.7050386,"(40.470325699999997, -3.7050386)"
5006925650,40.4700288,-3.7059841,"(40.470028800000001, -3.7059840999999998)"
5006925651,40.470036,-3.7063193,"(40.470036, -3.7063193000000001)"
5006925652,40.4712725,-3.7074499,"(40.471272499999998, -3.7074498999999999)"
5006925653,40.4712572,-3.7075464,"(40.471257199999997, -3.7075464)"
5006925654,40.471245,-3.7076202,"(40.471245000000003, -3.7076202)"
5006925655,40.4706196,-3.707525,"(40.470619599999999, -3.707525)"
5006925656,40.4702706,-3.7078093,"(40.470270599999999, -3.7078093000000001)"
5006925657,40.4702441,-3.7075759,"(40.470244100000002, -3.7075759000000001)"
5006925658,40.4703114,-3.7079287,"(40.4703114, -3.7079287000000001)"
5006925659,40.4705808,-3.7081875,"(40.4705808, -3.7081875000000002)"
5006925660,40.4707675,-3.708213,"(40.470767500000001, -3.7082130000000002)"
5006925661,40.4711297,-3.7079649,"(40.471129699999999, -3.7079648999999999)"
5006925662,40.4711297,-3.7080909,"(40.471129699999999, -3.7080909000000002)"
5006925663,40.4710542,-3.7081982,"(40.471054199999998, -3.7081982)"
5006925664,40.4709552,-3.7082411,"(40.470955199999999, -3.7082411)"
5006925665,40.4709981,-3.7081634,"(40.470998100000003, -3.7081634000000001)"
5006925666,40.4709634,-3.7081741,"(40.470963400000002, -3.7081740999999999)"
5006925667,40.4709277,-3.7081915,"(40.470927699999997, -3.7081914999999999)"
5006925668,40.470893,-3.7082103,"(40.470892999999997, -3.7082103000000002)"
5006925669,40.4714082,-3.7061289,"(40.471408199999999, -3.7061288999999999)"
5006925670,40.4715143,-3.7060189,"(40.471514300000003, -3.7060189000000001)"
5006925671,40.4715592,-3.7057829,"(40.471559200000002, -3.7057829)"
5006925672,40.4715337,-3.7059425,"(40.471533700000002, -3.7059424999999999)"
5006925673,40.4715775,-3.7061383,"(40.471577500000002, -3.7061383000000001)"
5006925674,40.4715928,-3.7057963,"(40.471592800000003, -3.7057962999999998)"
5006925675,40.4714663,-3.7053591,"(40.471466300000003, -3.7053590999999999)"
5006925676,40.471451,-3.7052277,"(40.471451000000002, -3.7052277)"
5006925677,40.4714582,-3.7051606,"(40.471458200000001, -3.7051606000000001)"
5006925678,40.471499,-3.705048,"(40.471499000000001, -3.7050480000000001)"
5006925679,40.4716092,-3.7050989,"(40.471609200000003, -3.7050988999999999)"
5006925680,40.4716,-3.7051834,"(40.471600000000002, -3.7051834000000001)"
5006925681,40.4715979,-3.7052505,"(40.471597899999999, -3.7052505)"
5006925682,40.4716194,-3.7044485,"(40.471619400000002, -3.7044484999999998)"
5006925683,40.4715153,-3.7045021,"(40.4715153, -3.7045021)"
5006925684,40.4715316,-3.7045383,"(40.471531599999999, -3.7045382999999998)"
5006925685,40.4714694,-3.7047382,"(40.471469399999997, -3.7047382)"
5006925686,40.4711011,-3.704356,"(40.471101099999998, -3.7043560000000002)"
5006925687,40.4712245,-3.7043747,"(40.471224499999998, -3.7043746999999998)"
5006925688,40.4713908,-3.7044995,"(40.471390800000002, -3.7044994999999998)"
5006925689,40.4708001,-3.7041467,"(40.470800099999998, -3.7041466999999999)"
5006925690,40.4708287,-3.7044592,"(40.470828699999998, -3.7044592000000001)"
5006925691,40.4707991,-3.7047516,"(40.470799100000001, -3.7047515999999998)"
5006925692,40.4710042,-3.7047248,"(40.471004200000003, -3.7047248000000002)"
5006925693,40.4710327,-3.7044914,"(40.471032700000002, -3.7044914000000002)"
5006925694,40.4713439,-3.7046966,"(40.471343900000001, -3.7046966000000001)"
5006925695,40.4713602,-3.7048455,"(40.471360199999999, -3.7048454999999998)"
5006925696,40.4713286,-3.7051794,"(40.4713286, -3.7051794)"
5006925697,40.4710623,-3.7049098,"(40.4710623, -3.7049097999999998)"
5006925698,40.4711582,-3.7049206,"(40.471158199999998, -3.7049205999999999)"
5006925699,40.4712439,-3.7049393,"(40.471243899999997, -3.7049392999999999)"
5006925700,40.4712439,-3.7050024,"(40.471243899999997, -3.7050024000000001)"
5006925701,40.4711531,-3.7049849,"(40.471153100000002, -3.7049848999999999)"
5006925702,40.4710613,-3.7049688,"(40.471061300000002, -3.7049688000000001)"
5006925703,40.4709583,-3.7049541,"(40.470958299999999, -3.7049541000000001)"
5006925704,40.4708226,-3.7050882,"(40.470822599999998, -3.7050882000000001)"
5006925705,40.4708328,-3.7051512,"(40.470832799999997, -3.7051512)"
5006925706,40.4706155,-3.7050533,"(40.470615500000001, -3.7050532999999999)"
5006925707,40.4707603,-3.7051123,"(40.470760300000002, -3.7051123000000001)"
5006925708,40.4707328,-3.7049608,"(40.4707328, -3.7049607999999998)"
5006925709,40.4705522,-3.7051767,"(40.4705522, -3.7051767)"
5006925710,40.4705318,-3.7054168,"(40.470531800000003, -3.7054168000000001)"
5006925711,40.4705747,-3.7053323,"(40.4705747, -3.7053322999999998)"
5006925712,40.4707165,-3.7053645,"(40.470716500000002, -3.7053644999999999)"
5006925713,40.4706695,-3.7054691,"(40.4706695, -3.7054691000000002)"
5006925714,40.4708001,-3.7054744,"(40.470800099999998, -3.7054743999999999)"
5006925715,40.4708746,-3.7056944,"(40.470874600000002, -3.7056944000000001)"
5006925716,40.4710113,-3.7057185,"(40.471011300000001, -3.7057185000000001)"
5006925717,40.4711501,-3.705744,"(40.471150100000003, -3.7057440000000001)"
5006925718,40.4712501,-3.705685,"(40.471250099999999, -3.7056849999999999)"
5006925719,40.4712868,-3.7053269,"(40.471286800000001, -3.7053269000000002)"
5006925720,40.471298,-3.7055321,"(40.471297999999997, -3.7055321000000001)"
5006927221,40.4712674,-3.7058727,"(40.471267400000002, -3.7058727)"
5006927222,40.4713592,-3.7065701,"(40.471359200000002, -3.7065701)"
5006927223,40.4711409,-3.7067002,"(40.471140900000002, -3.7067001999999998)"
5006927224,40.4708114,-3.7069161,"(40.470811400000002, -3.7069160999999999)"
5006927225,40.4707042,-3.7068786,"(40.4707042, -3.7068786)"
5006927226,40.4706155,-3.7068357,"(40.470615500000001, -3.7068357000000001)"
5006927227,40.4705798,-3.7067029,"(40.470579800000003, -3.7067028999999998)"
5006927228,40.4706124,-3.7065768,"(40.4706124, -3.7065768000000001)"
5006927229,40.4706746,-3.7065232,"(40.470674600000002, -3.7065231999999999)"
5006927230,40.4707277,-3.7063234,"(40.470727699999998, -3.7063234)"
5006927231,40.4704313,-3.7058734,"(40.470431300000001, -3.7058734000000002)"
5006927233,40.4704318,-3.7056897,"(40.4704318, -3.7056897000000002)"
5006927234,40.4705277,-3.7056287,"(40.470527699999998, -3.7056287000000001)"
5006927236,40.4708338,-3.70598,"(40.470833800000001, -3.7059799999999998)"
5008084755,40.4724968,-3.7021297,"(40.472496800000002, -3.7021297)"
5008084756,40.4723478,-3.7021324,"(40.472347800000001, -3.7021324)"
5008084757,40.4718306,-3.7026943,"(40.471830599999997, -3.7026943000000001)"
5008084758,40.4718867,-3.7024838,"(40.471886699999999, -3.7024838)"
5008123958,40.4712664,-3.7067552,"(40.471266399999998, -3.7067551999999999)"
5008123960,40.4714879,-3.7064298,"(40.4714879, -3.7064298)"
5008217008,40.4706542,-3.7111949,"(40.470654199999998, -3.7111949000000002)"
5008217009,40.4707114,-3.7110166,"(40.470711399999999, -3.7110166000000002)"
5008217010,40.4709384,-3.7101643,"(40.470938400000001, -3.7101643000000002)"
5008217011,40.4708797,-3.710403,"(40.470879699999998, -3.7104029999999999)"
5008217012,40.470791,-3.7101086,"(40.470790999999998, -3.7101085999999999)"
5008217013,40.4707405,-3.7105063,"(40.470740499999998, -3.7105063)"
5008217014,40.4707833,-3.7104285,"(40.470783300000001, -3.7104284999999999)"
5008217015,40.4706838,-3.7103668,"(40.470683800000003, -3.7103668000000001)"
5008217016,40.4706614,-3.7104687,"(40.470661399999997, -3.7104686999999998)"
5008217017,40.4708981,-3.7100308,"(40.470898099999999, -3.7100308000000002)"
5008217018,40.4708175,-3.7099598,"(40.470817500000003, -3.7099598)"
5008217019,40.4709552,-3.7097432,"(40.470955199999999, -3.7097432000000001)"
5008217020,40.4708302,-3.7091994,"(40.470830200000002, -3.7091994000000001)"
5008217121,40.4708823,-3.7092242,"(40.4708823, -3.7092242)"
5008217122,40.4709496,-3.7092671,"(40.470949599999997, -3.7092670999999999)"
5008217123,40.4707211,-3.7091531,"(40.470721099999999, -3.7091531)"
5008217124,40.4708685,-3.7095675,"(40.470868500000002, -3.7095674999999999)"
5008217125,40.4707874,-3.7095266,"(40.470787399999999, -3.7095265999999998)"
5008217126,40.4706803,-3.7094696,"(40.470680299999998, -3.7094695999999998)"
5008217127,40.4706369,-3.7094495,"(40.470636900000002, -3.7094494999999998)"
5035300660,40.403676,-3.7084328,"(40.403675999999997, -3.7084328000000002)"
5123432456,40.4473733,-3.6810791,"(40.447373300000002, -3.6810790999999998)"
5123432457,40.44742,-3.68093,"(40.447420000000001, -3.68093)"
5123432458,40.4475089,-3.6808191,"(40.447508900000003, -3.6808190999999999)"
5123491236,40.4477605,-3.6811396,"(40.447760500000001, -3.6811395999999998)"
5123491237,40.447617,-3.6812798,"(40.447617000000001, -3.6812798)"
5123491238,40.4476594,-3.6810385,"(40.447659399999999, -3.6810385000000001)"
5123491239,40.4475959,-3.6811986,"(40.447595900000003, -3.6811986000000001)"
5123491240,40.4477198,-3.6812389,"(40.447719800000002, -3.6812388999999999)"
5123491241,40.447726,-3.6809919,"(40.447726000000003, -3.6809919)"
5125370146,40.4476977,-3.6810818,"(40.447697699999999, -3.6810817999999998)"
5125370147,40.4476424,-3.6812216,"(40.447642399999999, -3.6812216000000002)"
5139624354,40.4756315,-3.5821054,"(40.475631499999999, -3.5821054000000001)"
5139624355,40.4756382,-3.582148,"(40.475638199999999, -3.5821480000000001)"
5139675915,40.4136439,-3.7145025,"(40.413643899999997, -3.7145025)"
5139675916,40.4135278,-3.7146245,"(40.413527799999997, -3.7146245000000002)"
5196696738,40.465317,-3.6945729,"(40.465316999999999, -3.6945728999999998)"
5196696739,40.4653062,-3.6946107,"(40.465306200000001, -3.6946107000000001)"
5196696740,40.4653013,-3.6945616,"(40.4653013, -3.6945616000000001)"
5196696741,40.4652923,-3.6945983,"(40.465292300000002, -3.6945983)"
5200197434,40.3584211,-3.6925113,"(40.358421100000001, -3.6925113000000001)"
5200197435,40.3585248,-3.6924671,"(40.358524799999998, -3.6924671)"
5200197436,40.3584962,-3.6925167,"(40.358496199999998, -3.6925167000000001)"
5204276440,40.3585825,-3.6803944,"(40.358582499999997, -3.6803944)"
5204276441,40.3574788,-3.6805393,"(40.357478800000003, -3.6805393)"
5204276442,40.3577077,-3.6804561,"(40.357707699999999, -3.6804560999999998)"
5204276443,40.3554063,-3.6798902,"(40.355406299999999, -3.6798902)"
5204276444,40.3558427,-3.6802255,"(40.355842699999997, -3.6802255000000001)"
5204276445,40.3562239,-3.6803032,"(40.356223900000003, -3.6803032)"
5204276446,40.3565161,-3.6805326,"(40.3565161, -3.6805325999999998)"
5204276447,40.356837,-3.6805379,"(40.356836999999999, -3.6805379)"
5232798386,40.3554012,-3.6778423,"(40.355401200000003, -3.6778423)"
5232798387,40.3554441,-3.6778611,"(40.3554441, -3.6778610999999999)"
5232798388,40.3554461,-3.6780086,"(40.355446100000002, -3.6780086000000001)"
5232798389,40.3551089,-3.6781883,"(40.355108899999998, -3.6781883)"
5232798390,40.3550844,-3.6782447,"(40.355084400000003, -3.6782447)"
5232798391,40.3553603,-3.6783332,"(40.355360300000001, -3.6783332)"
5232798392,40.3553439,-3.6783949,"(40.355343900000001, -3.6783948999999998)"
5232798393,40.3552724,-3.6780918,"(40.355272399999997, -3.6780917999999998)"
5232798394,40.3552356,-3.6780596,"(40.3552356, -3.6780596000000001)"
5232798395,40.3553399,-3.6781481,"(40.355339899999997, -3.6781481)"
5232798396,40.3553726,-3.6781722,"(40.355372600000003, -3.6781722000000001)"
5232798541,40.3530036,-3.6741328,"(40.353003600000001, -3.6741328000000002)"
5232798542,40.3522391,-3.6748678,"(40.352239099999998, -3.6748677999999999)"
5232798543,40.3525661,-3.6745727,"(40.352566099999997, -3.6745727000000001)"
5232798544,40.352605,-3.6742401,"(40.352604999999997, -3.6742401)"
5232798853,40.3441063,-3.6663276,"(40.3441063, -3.6663275999999998)"
5232798854,40.3440379,-3.6660956,"(40.344037899999996, -3.6660955999999998)"
5232798855,40.343769,-3.6656651,"(40.343769000000002, -3.6656651)"
5232798856,40.342937,-3.6650415,"(40.342936999999999, -3.6650415000000001)"
5232798857,40.3429298,-3.6649409,"(40.3429298, -3.6649408999999999)"
5232798858,40.3429646,-3.6651032,"(40.342964600000002, -3.6651031999999999)"
5232798859,40.3430045,-3.6650442,"(40.343004499999999, -3.6650442000000001)"
5232798860,40.3435206,-3.6655203,"(40.343520599999998, -3.6655202999999998)"
5232798861,40.3433305,-3.6652815,"(40.3433305, -3.6652814999999999)"
5232798862,40.3426804,-3.6645694,"(40.342680399999999, -3.6645694)"
5232798863,40.3420906,-3.6640678,"(40.342090599999999, -3.6640678000000002)"
5232798873,40.3422961,-3.663463,"(40.342296099999999, -3.6634630000000001)"
5232798874,40.3421264,-3.6633624,"(40.342126399999998, -3.6633624)"
5232798875,40.3419639,-3.6632699,"(40.341963900000003, -3.6632699)"
5232798876,40.3417911,-3.6631814,"(40.341791100000002, -3.6631814)"
5243603558,40.4236661,-3.7173175,"(40.423666099999998, -3.7173175000000001)"
